Author,Gender,Title,Year,No. from Tracy,Frank,Frank's full Gothic Type,abbess (any),bad abbess,good abbess,morality of abbess(es),abduction (any),female abductee,male abductee,gender of abductee(s),adultery,banditti,banishment,"mark, identifying (any)",birthmark,scar,kind of mark,blood (any),"brothers, dissimilar",cave,"child/infant, dead",clergyman (any),evil clergyman,good clergyman,morality of clergyman,confinement (any),extralegal confinement,legal confinement,legality of confinement,convent (any),haven in convent,prison in convent,other convent,quality of convent,corpse (any),cross-gender dressing,male disguised as female,female disguised as male,gender originally,non-erotic cross-gender dressing,death (any),emotionally induced death,pre-nuptual death,sad and/or pious death,kind of death,deathbed,agonies on deathbed,"blessing, missed","speech, unfinished, on deathbed",action on deathbed,"door, secret","dream, prophetic",drugging,vice,drunkenness,gaming,gluttony,kind of vice,dueling and other single combat,dungeon,elopement (any),successful elopement,bungled or prevented elopement,success of elopement,execution,fainting (any),female fainting,male fainting,gender of fainter,falling (any),falling from heights,fire (any),house fire,flagellation,ghost (any),grave (any),"homecoming, tragic","human as commodity, prey, or sacrifice",illegitimacy,"illness, emotionally induced",incest,actual incest,almost incest,consummation of incest,Inquisition,letter (any),fornicator (any),libertine,loose woman,gender of person having unacceptable sex,lunacy,masking,miniature,"music, mysterious",murder (any),filicide,fratricide,infanticide,mariticide,matricide,parricide,regicide,sororicide,uxoricide,victim of murder,monastery (any),nun (any),sexually active nun,sexuality of nun,orphan,"passage, subterranean",noble peasant or apparent peasant,piracy,poison (any),portrait (any),presentiment,putrefaction,sexual assault,rape,attempted rape,kind of assault,"relative, lost, discovery of","reputation, loss of",Satan and lesser demons,"secrecy, oath of",seduction,of female by male,of male by female,gender of seductee,shipwreck,bones (any),skeleton (any),skull (any),kind of bones,starvation,storm,suicide mentions (any),suicide,attempted or contemplated suicide,faked or threatened suicide,status of suicide,torture (any),usurpation,"vengeance, vow of",villainess,"voice, mysterious","warning, anonymous or pseudonymous",wedding (any),"aborted prior to ceremony, wedding",clandestine wedding,counterfeit wedding,forced wedding,interrupted wedding,status of wedding
"Ball, Edward",m,THE BLACK ROBBER. A ROMANCE,1819,1,17,Gothic Rauberroman (elements of the monastic shocker),,,,,2,1,1,both,,banditti,,,,,,,1,1,,1,1,,evil,1,1,,extra,,,,,,3,1,,,?,1,1,1,,,emotional,,,,,,1,,,1,1,,,drunkenness,,1,1,1,,successful,1,2,1,1,both,1,,1,1,,1,,1,1,,1,,,,,,,,,,,1,,1,,1,,,,1,,,,,,,1,1,1,,,,,1,,2,,,,,,,1,,,,,,,,1,1,1,,,,,1,1,,,suicide,,,,1,,,2,,1,,1,,clandestine and forced
"Barbauld, Anna Laetitia",f,"""SIR BERTRAND. A FRAGMENT""",1792,2,21,Pure or high Gothic (horror-terror modes),,,,,,,,,,,,,,,,,,,,,,,,,,,,,,,,,,,,,,,,,,,,,,,,,,,,,,,,,,,,,,,,,,,,,,1,,,1,,,,,,,,,,,,,,,,,,,,,,,,,,,,,,,,,,,,,,,,,,,,,,,,,,,,,,,,,,,,,,,,,,,,,,,,,,,,,,,
"Beckford, William",m,VATHEK,1786,3,30,Orientalized Gothic fantasy,,,,,,,,,,,,,,,,,,,1,,,,,,,,,,,,,,,,,,,,,,,,,,,,,,,,1,1,,,1,gluttony,,,,,,,1,2,1,1,both,1,1,1,,,,,,2,,1,,,,,,,,,,,,,,,,,,,,,,,,,,,,,,,,,,,,,,,,,,,,1,,,,,,,1,1,,,,,,,,,,,1,,,,,,,,,,,
unsigned,unknown,"THE BLOODY HAND, OR, THE FATAL CUP. A TALE OF HORROR!",n.d.,4,37,Gothic chapbook,,,,,,,,,,,1,,,,,,,,,1,1,,evil,1,,1,legal,1,,1,,prison,,,,,,,,,,,,1,1,,,agonies,,,,,,,,,,1,,,,,,2,1,1,both,,,,,,,,,,,,,,,,,,,,,,,,,,,,,,,,,,,,,,,,,,,,,1,,,,,,,,1,,,,,,,,,,,,,,,,,,,,,,,,,,,,,,,,
"Bolen, C. A.",unknown,"THE MYSTERIOUS MONK, OR, THE WIZARD'S TOWER",1826,5,38,Gothified History (terror mode),,,,,1,1,,female,,,,,,,,,,,,,,,,1,1,,extra,1,1,,,haven,1,1,,1,female,1,,,,,,,,,,,1,1,,,,,,,,1,,,,,,,,,,,,1,,,,,,,1,,1,,1,almost,1,,,,,,,,1,,,,,,,,,,,,,,,,,,1,,,1,,,,1,,1,attempted rape,1,,,,,,,,,,,,,,,,,,,,,1,,,,,1,,,,1,,forced
"Bonhote, Elizabeth",f,BUNGAY CASTLE. A NOVEL,1796,6,39,Pure or high Gothic (terror mode),,,,,,,,,,,,1,1,,birthmark,,,,,,,,,,,,,2,,1,,prison,,1,1,,male,1,1,1,,,emotional,,,,,,,,,,,,,,,1,,,,,,1,1,,female,,,,,,,1,,,,,,,,,,,,,,,1,,,1,,,,,,,,,,,,,1,,,,1,,,,,,,,,,,1,,,1,,,,,,,,,,,,,,,,,,,,,1,,3,1,,,1,1,"aborted, forced, and interrupted"
"Bonhote, Elizabeth",f,ELLEN WOODLEY. A NOVEL,1790,7,,(not indexed),,,,,,,,,,,,,,,,,,,,,,,,,,,,,,,,,,,,,,,,,,,,1,1,,,agonies,1,,,1,,1,,gaming,,,,,,,,1,1,,female,,,,,,1,,,1,,1,,,,,,,1,,1,f,,1,,,,,,,,,,,,,,,,,,,,,,,,,,1,1,,rape,,1,,,,,,,,,,,,,,,,,,,,,,,,,,,,,,,
"Bonhote, Elizabeth",f,THE FASHIONABLE FRIEND. A NOVEL,1773,8,,(not indexed),,,,,,,,,,,,,,,,,,,,,,,,,,,,,,,,,,,,,,,,,,,,,,,,,,,,,,,,,1,,,,,,,1,1,,female,,,,,,,,1,,,,,,,,,1,,,,,,,,,,,,,,,,,,,,,,,,,,,,,,,,,,,,,,,,,,,,,,,,,,,,,,,,,,,,,,1,,1,,,,clandestine
"Brewer, James Norris",m,A WINTER'S TALE,1799,9,42,Gothified History,,,,,,,,,,,1,,,,,,,,,1,,1,good,,,,,,,,,,1,,,,,,1,1,,,emotional,,,,,,,1,,1,1,,,drunkenness,,,,,,,,2,1,1,both,1,,,,,2,,,,1,,,,,,,,,,,,,1,1,1,2,1,,,,,,,,1,,1,1,,,,1,,,,2,1,1,1,,1,attempted rape,1,1,1,,1,1,,f,1,,,,,,1,1,,1,,attempt,,,,,1,,1,,,,,1,interrupted
"Brewer, George",m,THE WITCH OF RAVENSWORTH. A ROMANCE,1808,10,41,Pure or high Gothic (terror mode),,,,,,,,,adultery,,,,,,,2,,,1,1,,1,good,,,,,,,,,,,,,,,,,,,,,,,,,,1,,,2,1,1,,drunkenness and gaming,,,,,,,,1,1,,female,,,1,,,1,,,1,,,,,,,,,,,,,,1,,1,1,,,,,,,,,1,,,,,,,1,,,,,,,,,,,,,1,,,,,,,1,,1,,,,,,,,,,,,1,,,,,,,,,
"Brown, Elizabeth Cullen",f,THE SISTERS OF ST. GOTHARD. A TALE,1819,11,44,Sentimental Gothic,,,,,,,,,,,,,,,,,,,,1,,1,good,,,,,,,,,,,,,,,,2,1,,1,emotional and sad,1,1,,,agonies,,,,,,,,,1,,,,,,,2,1,1,both,1,1,,,,,1,,,,,,,,,,,1,1,,m,,,1,,,,,,,,,,,,,,,,,,,,,,,,,,,,,,,,,,,,,,,,,,,,,,,,,,,,,,,1,,,1,,,counterfeit
"Brydges, Sir Samuel Egerton",m,LE FORESTER. A NOVEL,1802,12,45,Philosophical Gothic (domestic elements),,,,,1,,1,male,,,,,,,,,,,,,,,,,,,,,,,,,,,,,,,,,,,,,,,,,,,,,,,,,,,1,1,,successful,,1,1,,female,1,1,,,,,,,1,,,,,,,,,,,,,1,,,,,,,,,,,,,,,,,,,1,,,,,,,,,,,,,,,,,,,,1,,,,,,1,,,,,,,1,,,,,,,,,,,
"Brydges, Sir Samuel Egerton",m,MARY DE CLIFFORD. A STORY INTERSPERSED WITH MANY POEMS,1792,13,,(not indexed),,,,,,,,,,,,,,,,,,,,,,,,,,,,,,,,,,,,,,,1,1,,,emotional,,,,,,,,,,,,,,1,,,,,,,1,1,,female,,,,,,,,,,,1,,,,,,,,,,,1,,,,,,,,,,,,,,,,,,,,,,,,,,,,,,,,,,,,,,,,,,,,,1,,,,,,,,,,,1,,,,,,,
"Brydges, Sir Samuel Egerton",m,SIR RALPH WILLOUGHBY. AN HISTORICAL TALE OF THE SIXTEENTH CENTURY,1820,14,,(not indexed),,,,,,,,,,,,,,,,,,,,,,,,,,,,,,,,,,,,,,,,,,,,,,,,,,1,,,,,,,,,,,,,1,,,,,,,,,,,,,,,,,,,,,,,,,,1,,,,,,,,,,,,,,,,,,,,,,,,,,,,,,,,,,,,,,,1,,,,,,,,,,,,,,,,,,,,,,,,
"Burney, Sarah Harriet",f,CLARENTINE. A NOVEL,1796,15,,(not indexed),,,,,,,,,,,,,,,,,,,,,,,,,,,,,,,,,,,,,,,1,1,,,emotional,,,,,,,,,1,,1,,gaming,,,,,,,,,,,,,,,,,,,,,,,,,,,,,,,,,,,,,,,,,,,,,,,,,,,,1,,,,,,,,,,,,1,1,,,,,,,,,,,,,,,,,,,,,,,,,,,,,,,
"Carver, Mrs.",f,THE HORRORS OF OAKENDALE ABBEY,1797,16,49,Pure or high Gothic (terror mode),,,,,,,,,,,,,,,,,1,,,,,,,1,,1,legal,,,,,,1,,,,,,1,1,,,emotional,1,,,1,speech,,,,,,,,,,,,,,,,1,1,,female,,,,,,1,,,,1,,1,,1,almost,,,1,1,,m,,,1,,,,,,,,,,,,,,,,,,,,,,1,,1,,,,,1,,,,,,,,,2,1,1,,,,,,,,,,,,,,,,,,,,,
unsigned,unknown,"THE CAVERN OF HORRORS, OR, MISERIES OF MIRANDA. A NEAPOLITAN TALE",1802,17,59,Gothic chapbook,,,,,1,1,,female,,,,,,,,,,,,,,,,,,,,1,,,1,,,,,,,,,,,,,,,,,,,,,,,,,,,,,,,,,,,,,,,,,,,,,,,,,,,,,,,,,,,,,,,,,,,,,,,,,,,,,,,,,,,,,,,,,,,,,,,,,,,,,,,,1,1,,,suicide,,,,,,,,,,,,,
unsigned,unknown,"COUNT RODERIC'S CASTLE, OR, GOTHIC TIMES. A TALE",1794,18,72,Pure or high Gothic (horror mode),,,,,,,,,adultery,,,,,,,,,1,,,,,,,,,,,,,,,,,,,,,,,,,,,,,,,1,,,,,,,,,1,,,,,,1,1,,female,,,,,,,,,,,,,,,,,,,,,,,,,,,,,,,,,,,,,,,,,,1,,,,,,,1,,1,attempted rape,,,,,,,,,,,,,,,1,,,,,,,1,,,,,,,,,,,
"Croly, George",m,"SALATHIEL. A STORY OF THE PAST, THE PRESENT, AND THE FUTURE",1828,19,77,Gothified History (Wandering Jew legend),,,,,,,,,,,,,,,,,,1,,,,,,1,,1,legal,,,,,,,,,,,,,,,,,,,,,,,,,,,,,,,1,,,,,,,,,,1,,1,1,,,,1,,,,,,,,,,,,,,1,,,,,,,,,,,,,,,,,,,,,,1,,,1,,,,,,1,,,,,,,,1,,,,,,,,,,,,,,,,1,,1,1,,,,,aborted
"Crookenden, Isaac",m,"FATAL SECRETS, OR, ETHERLINDA DE SALMONI. A SICILIAN STORY",1806,20,81,Gothic chapbook,,,,,1,,1,male,adultery,banditti,,,,,,,,,,,,,,1,1,,extra,,,,,,,,,,,,1,1,,,emotional,,,,,,1,,,1,,1,,gaming,,1,,,,,,,,,,,,,,,,,,,1,1,1,1,,actual,,,1,,1,f,,,,,,,,,,,,,,,,,,,,,,,,,,,,,,,,1,,,,1,1,,f,,,,,,,,1,1,,,suicide,,1,,,,,,,,,,,
"Crookenden, Isaac",m,"HORRIBLE REVENGE, OR, THE MONSTER OF ITALY!!",1808,21,83,Gothic chapbook,,,,,,,,,,,,,,,,,,,,,,,,,,,,,,,,,,,,,,,,,,,,,,,,,,,,,,,,,,1,,,,,,,,,,,,,,,,,,,,,1,,1,almost,,,,,,,,,,,1,,,,,,1,,,,,,,,,,,,,,,,,,,,,1,,,,,,,,,1,,1,,,,2,1,1,,suicide and attempt,,,,,,,,,,,,,
"Crookenden, Isaac",m,"THE ITALIAN BANDITTI, OR, THE SECRET HISTORY OF HENRY AND MATILDA. A ROMANCE. With HORRIBLE REVENGE is bound HOPELESS LOVE. AN INTERESTING TALE",1811,22,84,Gothic chapbook,,,,,1,,1,male,,banditti,,,,,,,,,,,,,,,,,,,,,,,,,,,,,,,,,,,,,,,,,,,,,,,,1,,,,,,,,,,,,,,,,,,,,,1,,1,almost,,,,,,,,,,,,,,,,,,,,,,,,,,,,,,,,,,,,,,1,,,,,,,,,,,,,,,,,,,,,1,,,,,,,,,,,
"Crookenden, Isaac",m,"THE MYSTERIOUS MURDER, OR, THE USURPER OF NAPLES. AN ORIGINAL ROMANCE. TO WHICH IS PREFIXED THE NOCTURNAL ASSASSIN, OR, SPANISH JEALOUSY",1806,23,82,Gothic chapbook,,,,,,,,,,,,,,,,,,,,,,,,1,1,,extra,,,,,,1,,,,,,,,,,,,,,,,,,,,,,,,,,,,,,,,,,,,,,,,,,,,,,1,,1,almost,,,,,,,,,,,,,,,,,,,,,,,,,,,,,,,,,1,1,,1,attempted rape,,,,,,,,,,,,,,,,,,,,,,1,,,,,,,,,,,
"Crookenden, Isaac",m,ROMANTIC TALES,n.d.,24,,(not indexed),1,1,,bad,2,1,1,both,,,,,,,,,,1,1,1,1,,evil,2,1,1,both,1,,1,,prison,2,,,,,,1,1,,,emotional,1,,1,,blessing,1,,,1,1,,,drunkenness,1,1,,,,,,1,1,,female,,,,,,1,,,,,,,,,,,,1,,1,f,,,1,1,1,,,,,,,,,1,,,,,,1,1,,1,1,,,,2,1,1,both,1,,,,1,1,,f,,,,,,,1,1,1,,,suicide,,,,,,,1,1,,,,,aborted
"Crookenden, Isaac",m,"THE SKELETON, OR, MYSTERIOUS DISCOVERY. A GOTHIC ROMANCE",1805,25,80,Gothic chapbook,,,,,1,,1,male,,,,,,,,,,,,,,,,,,,,,,,,,,,,,,,,,,,,1,1,,,agonies,,,,,,,,,,1,,,,,,,,,,,,,,,,,,,,,,,,,,1,,,,,,,,,,,,,,,,,,,,,,,,,,1,,,,,,1,,1,attempted rape,1,,,1,,,,,,,,,,,,,,,,,,1,,,,,,,,,,,
"Crookenden, Isaac",m,"SPECTRE OF THE TURRET, OR, GUOLTO CASTLE. A ROMANCE",n.d.,26,85,Gothic chapbook (Shauerromantik elements),,,,,1,,1,male,,,,,,,,,,,,,,,,1,1,,extra,,,,,,,,,,,,,,,,,1,1,,,agonies,,,,,,,,,,,,,,,,,,,,,,,,,1,,,,,,,,,,,1,,,,,,,,,,,,,,,,,,,,,,,,,,,,,,,,,,,,,,,,,,,,,,,,,,,1,1,,,suicide,,,,,1,,1,,,,,1,interrupted
"Crookenden, Isaac",m,"STORY OF MORELLA DE ALTO, OR, THE CRIMES OF SCORPINO DEVELOPED",1804,27,79,Gothic chapbook,,,,,1,1,,female,,,,,,,,,,,,,,,,,,,,,,,,,,,,,,,,,,,,,,,,,,,,,,,,,,,,,,,,,,,,,,,,,,,,,,,,,,,1,,,,,,,,,,,,,,,,,,,,,,,,,,,,,,,,,1,1,,rape,,,,,,,,,,,,,,,,,,,,,,,,,,,,,,,,,
"Cullen, Stephen",m,"THE HAUNTED PRIORY, OR, THE FORTUNES OF THE HOUSE OF RAYO. A ROMANCE FOUNDED PARTLY ON HISTORICAL FACT",1794,28,86,Pure or high Gothic (terror mode),,,,,1,1,,female,,banditti,,1,1,,birthmark,,,,,,,,,1,1,,extra,,,,,,1,,,,,,,,,,,,,,,,1,1,1,,,,,,,1,,,,,1,1,1,,female,,,,,,,1,,,,1,1,,1,almost,1,,,,,,1,,1,1,,,,,,,,,,,,,,,,,1,,,1,1,,1,1,,1,attempted rape,,,,,,,,,,2,2,,,,1,1,1,,,suicide,,,,1,,1,1,,1,,,,clandestine
"Curties, T. J. Horsley",m,"ANCIENT RECORDS, OR, THE ABBEY OF SAINT OSWYTHE. A ROMANCE",1801,29,89,Pure or high Gothic (terror mode),2,1,1,both,1,1,,female,,banditti,,,,,,,1,1,1,1,1,,evil,1,1,,extra,1,,1,,prison,1,1,,,?,1,1,,,1,sad,2,1,,1,agonies and speech,1,1,,1,1,,,drunkenness,,1,,,,,,2,1,1,both,2,,1,1,,4,1,,,,,1,1,,actual,,,,,,,1,1,1,1,1,,1,,,,,,,,,1,2,1,,,1,,1,,,1,,1,,1,attempted rape,,1,,1,,,,,,1,,1,,,1,,,,,,,1,1,1,1,,3,,1,1,,1,"clandestine, counterfeit, and interrupted"
"Curties, T. J. Horsley",m,"ETHELWINA, OR, THE HOUSE OF FITZ-AUBURNE. A ROMANCE OF FORMER TIMES",1799,30,88,Pure or high Gothic (horror-terror modes),,,,,2,1,1,both,,banditti,,,,,,,,,,,,,,1,,1,legal,,,,,,1,,,,,,,,,,,1,1,,,agonies,1,1,1,,,,,,,1,,,,,,,,,,,,,,,1,,,,,1,,,,,,,1,1,,m,1,,1,,,,,,,,,,,,,,,,,1,,,,,,,1,1,,1,attempted rape,1,,,,,,,,,,,,,,1,1,1,,,suicide,,1,1,,,,,,,,,,
"Curties, T. J. Horsley",m,THE MONK OF UDOLPHO,1807,31,92,Pure or high Gothic (terror mode),,,,,1,1,,female,,banditti,,,,,,,,,,1,1,,evil,1,1,,extra,,,,,,,,,,,,1,1,,,emotional,,,,,,1,1,1,1,,1,,gaming,,1,,,,,,,,,,,,1,1,,1,,,,1,1,,,,,1,,1,,1,f,,1,,,,,,,,,,,,,,1,1,1,,,,1,,,,1,,1,,1,attempted rape,1,,,1,,,,,,1,1,,,1,,1,1,,,suicide,1,1,1,,1,1,2,,,1,,1,counterfeit and interrupted
"Curties, T. J. Horsley",m,"ST. BOLTOPH'S PRIORY, OR, THE SABLE MASK. AN HISTORICAL ROMANCE",1806,32,91,Pure or high Gothic (terror mode),,,,,,,,,adultery,,,,,,,,,,,,,,,,,,,,,,,,,,,,,,,,,,,,,,,,,,,,,,,,,1,,,,,,1,1,,female,,,,,,,,,,,,1,,1,almost,,1,,,,,,1,,,1,,1,,,,,,,,,,,,,1,1,,,,,,,,,,,,,,,,,,,1,,,,,,1,,,,,,,,,,,,,,,,,,
"Curties, T. J. Horsley",m,"THE WATCH TOWER, OR, THE SONS OF ULTHONA. AN HISTORICAL ROMANCE",1804,33,90,Gothified history (terror mode),1,1,,bad,1,1,,female,,,,,,,,1,,1,,,,,,1,1,,extra,2,1,1,,both,4,1,,1,,1,1,,,1,sad,1,1,,,agonies,1,1,1,,,,,,,1,,,,,,2,1,1,both,,,1,1,,2,2,,,,,1,,1,almost,,1,,,,,1,,,1,,,,,,,,,,,,,,,,1,1,,1,1,,1,,1,,1,attempted rape,1,,,1,,,,,,,,,,1,1,1,,,1,fake,1,1,1,,1,,2,,,,1,1,forced and interrupted
"Cuthbertson, Catherine",f,"SIR ETHELBERT, OR, THE DISSOLUTION OF MONASTERIES. A ROMANCE",1830,34,100,Domestic fiction (counterfeit Gothified History),,,,,1,1,,female,adultery,,,,,,,,,,,1,1,,evil,,,,,1,,1,,prison,,,,,,,,,,,,,,,,,,,,,,,,,,1,,,,,,1,1,,female,,,2,1,,1,,,,,,,,,,,,,,,,,,,,,,,,,,,,,,,,,,,,,,,,,,,,,,,,,,,,,,,1,1,1,,,,1,,,,,,,,,,,,,,,,,,
"Dacre, Charlotte",f,CONFESSIONS OF THE NUN OF ST. OMER. A TALE,1805,35,101,Sentimental Gothic (didactic elements),,,,,,,,,adultery,,1,,,,,,,,,,,,,1,,1,legal,1,1,,,haven,,,,,,,,,,,,,,,,,,,,1,,1,,gaming,1,,,,,,,,,,,1,,,,,,,,,,,,,,,,,2,1,1,both,,,,,,,,,,,,,,,,,,,,,,,,,,,,,,,,,,,,1,1,,f,,,,,,1,,2,1,1,,suicide and attempt,,,,1,,1,1,,,1,,,counterfeit
"Dacre, Charlotte",f,THE LIBERTINE,1807,36,103,Sentimental Gothic (terror mode),,,,,,,,,,,,,,,,,,,,,,,,,,,,2,,1,,prison,,1,,,,1,1,,,1,sad,,,,,,,,,2,1,1,,drunkenness and gaming,,,,,,,,1,1,,female,,,,,,,,,,1,,,,,,,1,1,1,,m,1,,1,,,,,,,,,,,,,,,,,,,,,1,,,,,,,,1,,,,1,1,,f,,,,,,1,,1,1,,,suicide,,,,1,,,,,,,,,
"Dacre, Charlotte",f,THE PASSIONS,1811,37,104,Sentimental Gothic (terror mode),,,,,,,,,,,,,,,,,,,,,,,,,,,,,,,,,,,,,,,1,,,1,sad,,,,,,,,,1,,1,,gaming,,,,,,,,1,,1,male,,,,,,,,,,,,,,,,,,,,,,1,,,,,,,,,,,,,,,,,,,,,,,,,1,,,,,,,,,,,,,,,,,,,,1,1,1,,,suicide,,,1,1,,1,,,,,,,
"Dacre, Charlotte",f,"ZOFLOYA, OR, THE MOOR. A ROMANCE OF THE FIFTEENTH CENTURY",1806,38,102,Pure or high Gothic (terror-horror modes),,,,,,,,,adultery,banditti,,,,,,,,1,,,,,,1,1,,extra,,,,,,1,,,,,,1,,,1,sad,,,,,,,1,1,1,,1,,gaming,,,,,,,,,,,,1,1,,,,,,,,,,,,,,1,1,,,,,,,,1,,,,,,,,,,,,,,,,,,,,1,,,1,1,,1,attempted rape,1,,1,1,2,1,1,both,,,,,,,1,1,1,,,suicide,,,,1,,,,,,,,,
"Dallas, Robert Charles",m,"SIR FRANCIS DARRELL, OR, THE VORTEX. A NOVEL",1810,39,106,Sentimental Gothic (terror mode),,,,,,,,,,,,,,,,,,,,,,,,,,,,,,,,,,,,,,,,,,,,,,,,,,,,,,,,,1,,,,,,,,,,,,,,,,,,,,,,,,,,,,,,,,1,,,,,,,,,,,,,,,,,,,,,,,,,,,,,,,,,,,,,,,,,,,,,,1,,1,,attempt,,,,,,,,,,,,,
"Davenport, Selina",f,AN ANGEL'S FORM AND A DEVIL'S HEART,1818,40,107,Domestic Gothic (terror mode),,,,,,,,,,,,1,,1,scar,,,,1,,,,,,,,,,,,,,,,,,,,1,,,1,sad,1,,1,,blessing,,,,1,,1,,gaming,,,1,1,,successful,,,,,,,,,,,,,,,,,1,,1,almost,,,,,,,,,,,,,,,,,,,,,,,,,,,,,,,,,,,,,,1,,,,,,,,,,,,,,,1,1,,,suicide,,,,1,,,1,,1,,,,clandestine
"Davenport, Selina",f,ITALIAN VENGEANCE AND ENGLISH FORBEARANCE. A ROMANCE,1828,41,108,Domestic Gothic (didactic elements),,,,,1,,1,male,,,1,,,,,,1,,,,,,,,,,,,,,,,,1,,,,1,,,,,,,,,,,,1,,1,,1,,gaming,1,,1,1,,successful,,1,1,,female,,,,,,,,,,,1,,,,,,,1,1,,m,,1,1,1,,,,,,,,,,,,,,,,1,,,,,,1,,,,,,,,,1,1,1,,f,1,,,,,,,,,,,,,,1,1,,1,,,,,,,
"DeQuincey, Thomas",m,"KLOSTERHEIM, OR, THE MASQUE",1832,42,111,"Pure or high Gothic (terror mode, Gothified history)",1,,1,good,2,1,,female,,,,,,,,1,,,,,,,,2,1,1,both,1,1,,,haven,1,,,,,,,,,,,1,1,,,agonies,,,,1,1,,,drunkenness,,,,,,,,1,,1,male,,,,,,,,,,,,,,,,,2,,,,,,1,,,,,,,,,,,,,,,,,,,,,,,,,,,,,,,,,,,,,,,,,,,,,,,,,,1,1,,,1,1,,,,,,,
"Drake, Nathan",m,"LITERARY HOURS, OR SKETCHES CRITICAL, NARRATIVE, AND POETICAL",1804,43,116,"Gothic anthology (essays on Gothic theory, fragments, Gothic prose and verse)",,,,,1,1,,female,,banditti,,,,,,,,1,,,,,,1,1,,extra,,,,,,3,,,,,,,,,,,1,1,,,agonies,,,,,,,,,,,,,,,,1,,1,male,3,,,,,1,,1,,,1,,,,,,,,,,,1,,,1,,,,,,,,,,,,,,,,,,,,,,,,,,,,1,,1,,1,1,,f,,,,,,,1,1,,1,,attempt,,,,,1,,,,,,,,
"Edridge, Rebecca",f,"THE HIGHEST CASTLE AND THE LOWEST CAVE, OR, EVENTS OF THE DAYS WHICH ARE GONE",1825,44,119,Gothified history (sentimental and terror modes),,,,,,,,,,,,,,,,,,1,1,,,,,,,,,,,,,,,,,,,,,,,,,,,,,,,,1,,,,,,,,,,,,,1,1,,female,,,,,,,,1,,1,,,,,,,,,,,,1,,,,2,,1,1,,,,,,,,,,,,,1,,,,,,,,,,,1,,,,,,,,,,,,,1,,,,,,,,,1,,,,,,,,,,
"Lathom, Francis",m,"FATAL VOWS, OR, THE FALSE MONK. A ROMANCE",1810,45,124,Gothic chapbook (based on THE MONK),,,,,,,,,,banditti,,,,,,1,1,,,1,1,,evil,1,1,,extra,,,,,,,,,,,,1,,1,,pre-nuptual,,,,,,,1,,1,,1,,gaming,,,,,,,,1,1,,female,,,,,,,,,,1,,,,,,,,,,,,1,,,,1,1,,,,,,,,,,,,,,1,,,,1,,,,,,,,,,,,1,1,,f,,,,,,,1,,,,,,,,,,1,,1,,,,1,,forced
"Fletcher, Grenville",m,"ROSALVIVA, OR, THE DEMON DWARF. A ROMANCE",1824,46,129,Pure or high Gothic (terror mode),,,,,,,,,,banditti,,,,,,,,,,,,,,,,,,,,,,,1,,,,,,,,,,,,,,,,,,,,,,,,1,1,,,,,,1,1,,female,,,,,,,,,,,,,,,,,,,,,,,1,,,,,,,,,,,,,,,,,,,,,,,,,1,,,,,1,,,,,,,,,,,,,,,1,1,,,suicide,,,1,1,,,1,,,,1,,forced
"Fox, Joseph, Jr.",m,"SANTA-MARIA, OR, THE MYSTERIOUS PREGNANCY. A ROMANCE",1797,47,132,Pure or high Gothic (horror mode),,,,,1,,1,male,,banditti,,,,,,,,,1,,,,,,,,,,,,,,1,1,,,,1,,,,,,,,,,,1,1,1,1,1,,,drunkenness,,,,,,,1,1,1,,female,,,,,,,,,,,1,1,1,,actual,1,,1,1,,m,,,1,1,,,,,,,,,,,,,,,,,,,1,,1,1,,1,1,,rape,1,1,,1,,,,,,1,,1,,1,1,1,1,,,suicide,1,,,,1,,,,,,,,
"Gaspey, Thomas",m,"THE MYSTERY, OR, FORTY YEARS AGO. A NOVEL",1820,48,,(not indexed),,,,,,,,,,,,,,,,,1,,,,,,,1,1,,extra,,,,,,,,,,,,1,,,1,sad,,,,,,,,,1,1,,,drunkenness,,,,,,,,1,1,,female,,,1,1,1,,1,,2,,1,1,,1,almost,,,,,,,1,,1,,,,,,,,,,,,,,,,,,,,,,,,,,,,,,,,,1,1,,f,1,,,,,,1,,,,,,1,,,,,,,,,,,,
"Godwin, William",m,"FLEETWOOD, OR, THE NEW MAN OF FEELING",1805,49,,(not indexed),,,,,,,,,adultery,,,,,,,,1,,,,,,,1,1,,extra,,,,,,,,,,,,1,1,,,emotional,,,,,,,,,1,1,,,drunkenness,,,1,1,,successful,1,,,,,,,,,,,,1,,1,1,,,,,,2,2,1,1,both,1,,1,,2,1,,,,,,,,1,,,,,,1,,,,,,,,,,,,,1,,1,1,1,,f,1,,,,,,1,2,1,1,,suicide and attempt,1,,,,,1,,,,,,,
"Godwin, William",m,ST. LEON. A TALE OF THE SIXTEENTH CENTURY,1799,50,140,Gothified history (didactic elements),,,,,1,,1,male,,,,,,,,,,,1,,,,,1,,1,legal,,,,,,,,,,,,1,1,,,emotional,,,,,,,,,1,,1,,gaming,1,1,,,,,,,,,,,,1,1,,,,,,,1,,,,,1,,,,,,1,,,,,,,,,,,,,,,,,,,1,,,,,,,,,,,,1,,,,,,,,,,,,,1,1,,,,,,,,,,,,,,,,,,
"Godwin, William",m,"THINGS AS THEY ARE, OR, THE ADVENTURES OF CALEB WILLIAMS",1794,51,139,Contemporized Gothic (didactic and polemical elements),,,,,,,,,,banditti,,,,,,,1,,,,,,,2,1,1,both,,,,,,,,,,,,,,,,,,,,,,,1,,1,1,,,drunkenness,,1,,,,,,,,,,,,1,1,,,,,,,1,,,,,,,,,,,,,,,,,,,,,,,,,,,,,,1,,,,,,1,,1,,1,attempted rape,,,,1,,,,,,,,,,,,,,,,,,,,,,,,,,,,,
"Green, Sarah",f,DECEPTION,1813,52,144,Domestic Gothic (various Richardsonian features),,,,,1,1,,female,,,,,,,,,,,,2,1,1,both,1,1,,extra,,,,,,,,,,,,,,,,,,,,,,,,,1,,1,,gaming,,,,,,,,,,,,,,,,,,,,,1,,,,,,,,,,,,1,1,,,,,,,,,,,,,,,,,,,,,,,,,,,,,,,,,,,,,,,,,,,,,1,,1,,attempt,,1,,,,,,,,,,,
"Green, William Child",m,"ABBOT OF MONTSERRAT, OR, THE POOL OF BLOOD. A ROMANCE",1826,53,146,Pure or high Gothic (terror mode),,,,,1,1,,female,,banditti,,,,,,1,,,,2,1,1,both,,,,,,,,,,,,,,,,,,,,,1,1,,,agonies,,,,,,,,,,1,,,,,,1,,1,male,1,1,1,1,,,1,,,,,,,,,1,,,,,,,,,,,,,,,,,,,,,,,,,,,,,,,,,,,,,1,,1,,,,,,,1,,1,,,1,,,,,,1,,,,,,,,,,,,
"Green, William Child",m,"THE ALGERINES, OR, THE TWINS OF NAPLES",1832,54,148,Orientalized Gothic,1,,1,good,,,,,,banditti,,,,,,,,1,,,,,,,,,,,,,,,,,,,,,,,,,,,,,,,,,,1,1,,,drunkenness,1,1,,,,,,2,1,1,both,2,1,,,1,,,,1,,,,,,,,1,1,,1,f,,,,,,,,,,,,,,,,,1,,,,,,1,,,1,,,,,,,,1,1,,,,,1,,,,,,1,,,,,,,,,,1,,,,,,,,
"Green, William Child",m,ALIBEG THE TEMPTER. A TALE WILD AND WONDERFUL,1831,55,147,Gothic Quest legend (elements of MELMOTH THE WANDERER),,,,,,,,,,,,,,,,,,,,,,,,2,1,1,both,,,,,,,,,,,,1,1,,,emotional,,,,,,,,,,,,,,,,,,,,,1,1,,female,1,,,,,1,,,,,,,,,,,,,,,,,,,,,,,,,,,,,,,,,,,,,,1,,,,,1,,1,attempted rape,,,,,,,,,1,,,,,,1,1,1,,,suicide,,,,,,,,,,,,,
"Green, William Child",m,"THE PROPHECY OF DUNCANNON, OR, THE DWARF AND THE SEER. A CALEDONIAN LEGEND",1824,56,,(not indexed),,,,,,,,,,,,,,,,,,1,,,,,,1,,1,legal,,,,,,1,,,,,,,,,,,,,,,,,,,,,,,,,1,1,1,,successful,,2,1,1,both,,,,,,2,,,,,,1,,1,almost,,,,,,,,,,,,,,,,,,,,,,,,,,1,,1,,,,,,,,,,,1,,1,,,,,1,,,,,,1,1,1,,,suicide,,1,,,,,2,1,1,,,,aborted and clandestine
"Green, William Child",m,"THE WOODLAND FAMILY, OR, THE SONS OF ERROR AND DAUGHTERS OF SIMPLICITY. A DOMESTIC TALE",1824,57,,(not indexed),,,,,,,,,,,,,,,,,,,,,,,,,,,,,,,,,,,,,,,1,1,,,emotional,,,,,,,,,1,1,,,drunkenness,1,,1,1,,successful,,1,1,,female,,,,,,,,,,1,1,,,,,,,2,1,1,both,1,1,,,1,,,,,1,,,,,,,,,,,,,,,,,,,,,,,1,,,1,1,,f,,,,,,,1,,,,,,,,,,,,,,,,,,
"Grosse, Karl",m,THE DAGGER,1795,58,152,Roman noir (horror-terror elements),,,,,1,,1,male,adultery,,1,,,,,,,,,,,,,,,,,,,,,,,1,,,,1,,,,,,,,,,,,,,,,,,,,,,,,,,2,1,1,both,,,,,,,,,,,,,,,,,,,,,,,,,,,,,,,,,,,,,,,,,,,,,1,,,,,,,,,,,,,,,,,,,,,,,1,,1,,attempt,,,,,,,,,,,,,
"Grosse, Karl",m,HORRID MYSTERIES. A STORY,1796,59,153,Pure or high Gothic (Vehmgericht or secret Fehmic tribunal),,,,,1,,1,male,adultery,banditti,,,,,,1,,,,,,,,,,,,1,1,,,haven,,,,,,,,,,,,,,,,,,1,1,1,,1,,gaming,1,1,1,,1,prevented,,2,1,1,both,1,,,,,,,,,,,,,,,,,,,,,,1,,1,,,,,,,,,,,,,,,,,1,1,,,,,,,,,,1,,,1,1,1,,f,,,,,,,1,1,1,,,suicide,,,,,,1,,,,,,,
"Hamilton, Ann Mary",f,THE FOREST OF ST. BERNARDO,1806,60,157,Mixed Gothic (domestic fiction becoming Gothic),,,,,1,1,,female,,,,,,,,,,,1,1,,1,good,,,,,2,,1,,prison,1,,,,,,,,,,,,,,,,1,,,2,1,1,,drunkenness and gaming,,,,,,,,1,1,,female,,,,,,,,,,,,,,,,,,1,,1,f,,,1,,,,,,,,,,,,,2,1,1,,,,,,,,,,,,,,,,,,,,,,,,,,,,1,,,,,,,,,,,,1,,1,,,,clandestine
"Hamilton, Ann Mary",f,"MONTALVA, OR, ANNALS OF GUILT",1811,61,158,Mixed Gothic (domestic fiction becoming Gothic in horror mode),,,,,2,1,1,both,,,,,,,,,,,1,,,,,1,1,,extra,1,,1,,prison,,,,,,,1,1,,,emotional,,,,,,,,1,1,,1,,gaming,,,,,,,,,,,,,,,,,,,,,1,,,,,,1,,2,1,1,both,,,,,,,,,,,,,,,,,,,,,,,,,,,,,,,,1,,1,,1,1,,f,,,,,,,,,,,,,,,,1,,,2,,,,1,1,forced and interrupted
"Harley, Mrs.",f,PRIORY OF ST. BERNARD. AN OLD ENGLISH TALE,1789,62,160,Gothified history (terror mode),1,,1,good,1,1,,female,,,1,,,,,,,1,,,,,,1,1,,extra,1,1,,,haven,,1,,,,1,,,,,,1,,,1,speech,1,,,,,,,,1,1,,,,,,2,1,1,both,1,,,,,,,,,,1,,,,,,,1,1,,m,,,1,,2,,,,,,,,1,1,,1,,,,,,,,,,,,,,,,1,1,,,,,,,,,,,,,1,1,,1,,attempt,,1,,,,,2,,,,1,1,forced and interrupted
"Helme, Elizabeth",f,DUNCAN AND PEGGY. A SCOTTISH TALE,1794,63,,(not indexed),,,,,2,1,1,both,,,,,,,,,,,,,,,,,,,,,,,,,,,,,,,,,,,,,,,,,,,,,,,,,,1,,,,,,,,,,,,,,,,,,1,,,,,,,,,1,,1,f,,,1,,,,,,,,,,,,,,,,,1,,1,,,,,,,,,,1,,,,,,,,,,,,,,,,,,,,,,,,,,,,,,,,
"Helme, Elizabeth",f,THE FARMER OF INGLEWOOD FOREST,1796,64,173,Sentimental fiction (Radcliffean terror elements),,,,,1,1,,female,adultery,,,,,,,,,,1,,,,,1,,1,legal,,,,,,,,,,,,2,1,,1,emotional and sad,,,,,,,1,1,2,1,1,,drunkenness and gaming,1,,,,,,,2,1,1,both,,,1,1,1,,,,1,1,1,1,,1,almost,,,2,1,1,both,1,,,,,,,,,,,,,,,,,,,,,,,,,1,,2,1,1,both,,,,,2,1,1,both,,,,,,,,1,1,,,suicide,,,,,1,,1,,1,,,,clandestine
"Helme, Elizabeth",f,"ST. MARGARET'S CAVE, OR, THE NUN'S STORY. AN ANCIENT LEGEND",1801,65,174,Gothified history (Radcliffean imitation),1,,1,good,,,,,adultery,banditti,,1,,1,scar,,1,1,,,,,,1,1,,extra,,,,,,,1,,,,1,1,,1,,pre-nuptual,,,,,,,1,,,,,,,,,1,1,,successful,,1,,1,male,,,1,1,1,,,,,1,,,,,,,,,,,,1,,,,1,,,1,,,,,,,,,1,,,1,,1,,,,,,,,,,1,,,,1,1,,f,,,,,,,1,,,,,,,,,,,,,,,,,,
"Hogg, James",m,THE PRIVATE MEMOIRS AND CONFESSIONS OF A JUSTIFIED SINNER,1824,66,178,Doppleganger or Double Story (terror-horror modes),,,,,,,,,,,1,,,,,,,,,1,1,,evil,1,1,,extra,,,,,,2,,,,,,,,,,,,,,,,,1,,1,1,,,drunkenness,1,,,,,,,1,1,,female,1,1,,,1,,1,,,1,,,,,,,,1,,1,f,,,,,2,,1,,,1,,,,,,,,,,,,,,,,,,,,,,,,1,,1,1,,f,,,,,,,,1,1,,,suicide,,,,,,,,,,,,,
"Hogg, James",m,"THE THREE PERILS OF MAN, OR, WAR, WOMEN, AND WITCHCRAFT. A BORDER ROMANCE",1822,67,177,Gothified History (a witchcraft segment),,,,,,,,,,,1,,,,,,,,,,,,,1,1,,extra,,,,,,(horse),1,,,,1,,,,,,,,,,,,,,2,1,,1,drunkenness and gluttony,,,,,,,,,,,,1,1,,,,1,,,,,,,,,,,,,,,,,,,,,,,,,,,,,,,,,,,,,,,,,,,,,,,,,1,,,,,,,,,,,1,,,,,,,,,,,,,,,,,,,
"Holcroft, Thomas",m,ANNA ST. IVES. A NOVEL,1792,68,179,Novel of Seduction and Radical Ideas (terror elements),,,,,2,1,1,both,,,,,,,,,,,,,,,,2,1,1,both,,,,,,,,,,,,,,,,,,,,,,,,1,1,,1,,gaming,1,,,,,,,,,,,,,,,,,,,,,,,,,,,,1,1,,m,,,,,,,,,,,,,,,,,,,,,,,,,,,,1,,1,attempted rape,,,,,,,,,,,,,,,1,1,,1,,attempt,,,,,,,,,,,,,
"Holford, Margaret",f,WARBECK OF WOLFSTEÏN,1820,69,180,Gothified history (natural horror),,,,,1,1,,female,,banditti,,,,,,,,,,,,,,1,1,,extra,,,,,,,,,,,,2,1,1,,emotional and pre-nuptual,,,,,,,1,1,,,,,,,,,,,,,1,1,,female,,,,,,,,,,,1,,,,,1,,2,1,1,both,,1,1,,,,,,,,,,,,,,2,2,,,,,,,,,,,,,,,,,,,,,,,,,,,,1,1,1,,,suicide,,,,,,,1,,,,,1,interrupted
"Huish, Robert",m,"THE BROTHERS, OR, THE CASTLE OF NIOLO",1820,70,189,Pure or high Gothic (no supernatural elements),1,,1,good,2,1,1,both,,banditti,,,,,,1,1,1,,1,1,,evil,1,1,,extra,,,,,,,,,,,,,,,,,,,,,,1,,1,2,1,1,,drunkenness and gaming,,,,,,,,1,1,,female,,,2,1,,1,1,1,,,,,,,,,,1,1,,m,1,,,,1,,,,,,1,,,,,,1,1,,,1,,,2,,,,1,1,,rape,,,1,,,,,,,1,,1,,,,1,1,,,suicide,,,1,,1,1,,,,,,,
"Huish, Robert",m,FITZALLEN,1832,71,191,Domestic Gothic (terror elements),,,,,1,1,1,both,,,,,,,,,,,1,,,,,2,1,1,both,,,,,,,1,,,,1,2,1,,1,emotional and sad,2,1,,1,agonies and speech,,,1,,,,,,1,,1,1,,successful,,2,1,1,both,,,,,1,,,,,1,,,,,,,1,1,1,,m,1,1,,,,,,,,,,,,,,,,,,,,,,,1,1,,,,,,,,,,1,1,,f,,,,,,,,2,1,1,,suicide and attempt,,,1,1,,1,,,,,,,
"Huish, Robert",m,"THE RED BARN. A TALE, FOUNDED ON FACT",1828,72,190,Documentary Gothic (natural horror based on an actual incident),,,,,,,,,,,,,,,,,,,1,,,,,,,,,,,,,,1,1,,,,1,,,,,,,,,,,,,,,,,,,,,,,,,,,,,,,,,,,,,,,1,,,,,,,1,,,,,,,,,,,,,,,,,,,,,,,,,,,,,,,1,,,,,,,,,,,,,,,,,,,,,,,,,,,,,1,,,,,,,,
unsigned,unknown,THE IDIOT HEIRESS. A NOVEL,1805,73,195,Domestic Gothic,,,,,1,1,,female,,,1,,,,,,,,,1,,1,good,,,,,,,,,,1,,,,,,,,,,,,,,,,,,,1,1,,,drunkenness,1,,,,,,,,,,,,,,,,,,,,,,,,,,,,,,,,,,1,,,,,,,,,,,,,,,,,,,,,,,,,,,,,1,,,,1,1,,f,,,,,,,,,,,,,,,,,,,,,,,,,
"Ireland, William Henry",m,THE ABBESS. A ROMANCE,1799,74,198,Pure or high Gothic (monastic shocker in horror-terror modes; imitation of THE MONK),1,1,,bad,,,,,,banditti,,,,,,,,,1,,,,,1,1,,extra,3,1,1,,both,1,,,,,,2,1,,1,emotional and sad,,,,,,1,1,1,,,,,,,1,,,,,,1,1,,female,1,,1,,1,,,,,1,,,,,,1,,,,,,,1,,1,2,,1,,,1,,,,,,,,,,,1,,,,,,1,1,1,,rape,1,1,,1,1,,1,m,,,,,,,,,,,,,1,,1,,,,,,,,,,
"Ireland, William Henry",m,"GONDEZ, THE MONK. A ROMANCE OF THE THIRTEENTH CENTURY",1805,75,201,Pure or high Gothic/Gothified history (horror-terror modes),1,1,,bad,1,1,,female,,,,,,,,2,1,1,,,,,,1,1,,extra,2,,1,,prison,2,1,,,,1,1,1,,,emotional,,,,,,1,1,,,,,,,,1,,,,,,1,1,,female,,,1,,1,4,,,,,1,1,,1,almost,1,,,,,,,,,,1,,,,,,1,,,,,1,1,1,,,1,,,1,,1,,1,,1,attempted rape,,,,1,,,,,1,2,1,1,,1,1,,,,,,1,,1,,1,,,,,,,,
"Ireland, William Henry",m,"RIMAULDO, OR, THE CASTLE OF BADAJOS",1800,76,199,Pure or high Gothic (terror mode),,,,,1,,1,male,,,,,,,,,,1,,1,1,,evil,1,1,,extra,1,,1,,prison,,,,,,,,,,,,1,1,,,agonies,1,1,,,,,,,,1,,,,,1,2,1,1,both,,,,,,3,,,,,,,,,,1,,,,,,,1,1,,2,1,,,,,,,,1,,,,,,1,1,1,,,,1,1,1,,1,attempted rape,,,,1,,,,,,1,1,,,1,1,1,1,,,suicide,,,,,1,1,1,,,,1,,forced
"Isaacs, Mrs.",f,"ARIEL, OR, THE INVISIBLE MONITOR",1801,77,203,Sentimentalized and naturalized Gothic (Radcliffean methods and props),,,,,,,,,,banditti,,,,,,,1,1,,,,,,1,1,,extra,,,,,,,,,,,,,,,,,,,,,,1,,,,,,,,1,1,,,,,,,,,,,,,,,,,,,,,,,,,,,,,,,1,1,1,1,1,,,,,,1,,,,,,,,,1,1,,,,,,,,,,,1,,,1,,,,,,,,,,,1,,,,,,,1,,,1,,,,,,,,
"Jamieson, Frances",f,THE HOUSE OF RAVENSPUR. A ROMANCE,1822,78,206,Gothified history (naturalized terror),2,1,1,both,1,1,,female,,banditti,1,,,,,,1,1,,1,1,,evil,,,,,,,,,,,,,,,,1,1,,,emotional,,,,,,1,,,,,,,,,1,,,,,,1,1,,female,1,1,,,,,,,,,,1,,1,almost,1,,,,,,,,,,,,,,,,,,,,,,,,,,,,,1,,,,,,,,,,,,,,,,,,,,,,,1,1,,,suicide,,1,,,,,,,,,,,
"Kahlert, Karl Friedrich",m,"THE NECROMANCER, OR, THE TALE OF THE BLACK FOREST",1794,79,209,Pure or high Gothic (Schauerromantik elements),,,,,,,,,,banditti,,,,,,1,,,,,,,,1,1,,extra,,,,,,,,,,,,,,,,,,,,,,,,,1,1,,,drunkenness,1,,,,,,,,,,,,,1,1,,2,,,1,,,1,,1,almost,,,,,,,1,,,,,,,,,,,,,,,,,,,,,,,,,,,,,,,,,,,,,,,,,,,,,,,,,,,,,,,,,,,,,,,
"Kelly, Isabella",f,THE ABBEY OF SAINT ASAPH. A NOVEL,1795,80,211,Pure or high Gothic (in the novel's maiden-centered episodes),,,,,,,,,,,,,,,,,1,,1,,,,,1,,1,legal,,,,,,,,,,,,1,,,1,sad,,,,,,,,,,,,,,,,,,,,,2,1,1,both,,,,,,1,,,,1,1,,,,,,,1,1,,m,,,,,1,,1,,,,,,,,,,,,,,,,,,,,,,,,,1,1,,,,,,,,2,1,1,,,,1,,1,,attempt,,1,,,,,1,,,,,1,interrupted
"Kelly, Isabella",f,"MADELINE, OR, THE CASTLE OF MONTGOMERY. A NOVEL",1794,81,210,"Domestic Gothic (more domestic than Gothic, a few terror elements)",,,,,,,,,,,,,,,,,,,1,,,,,1,1,,extra,,,,,,,,,,,,1,1,,,emotional,,,,,,,,,,,,,,1,,,,,,,,,,,,,1,1,,,,,,1,,,,,,,,1,1,,m,,,,,,,,,,,,,,,,,,,,,,,,,1,,,,,,,,,,,,,,,,,,,,,1,1,1,,,suicide,,,,,,,,,,,,,
"Lamb, Caroline",f,ADA REIS. A TALE,1823,82,221,Orientalized Gothic/roman a clef,,,,,2,1,1,both,,,,,,,,,,,,,,,,,,,,,,,,,,,,,,,,,,,,,,,,,,,,1,1,,,drunkenness,,,,,,,,,,,,1,,1,1,,2,1,,2,,,,,,,,,,,,,,,,1,,,,,,,,,,,,,,,,,,,,1,,,,,,,,,,1,,1,1,,f,1,2,1,1,,,1,1,1,,,suicide,,,,,1,,1,,,,1,,forced
"Lamb, Caroline",f,GLENARVON,1816,83,220,Gothic roman a clef (terror mode),,,,,1,,1,male,adultery,,,,,,,,1,1,1,,,,,1,1,,extra,,,,,,,1,,,,1,1,1,,,emotional,1,,,1,speech,,1,1,,,,,,1,,,,,,1,2,1,1,both,2,1,,,,1,,,,,1,,,,,,,1,1,,m,1,1,1,,1,,,1,,,,,,,,,,,,,,,,,,,,,,,,1,1,,,1,1,,f,,,,,,1,1,1,1,,,suicide,,,,1,1,,1,,,,1,,forced
"Lamb, Caroline",f,GRAHAM HAMILTON,1822,84,,(not indexed),,,,,,,,,,,,,,,,,,,,,,,,1,,1,legal,,,,,,,,,,,,,,,,,,,,,,,1,,,,,,,1,,,,,,,1,1,,female,,,,,,,,,,,1,,,,,,,,,,,,,1,,,,,,,,,,,,,,,,,,,,,,,,,,,,,,1,,,,,,,,,,,,1,,,,,,,,,,,,,,,,,,,
"Lathom, Francis",m,ASTONISHMENT!!! A ROMANCE OF A CENTURY AGO,1802,85,229,"Pure or high Gothic (quest story, picaresque elements)",,,,,1,,1,male,,,,,,,,,,,,,,,,1,1,,extra,,,,,,,,,,,,1,1,,,emotional,,,,,,,1,1,1,1,,,drunkenness,,,,,,,,,,,,1,,,,,,,,1,,,1,,1,almost,1,,1,,1,f,,,,,1,,,,,,,,,1,,,,,,,,1,,,,,,,,,,1,,1,1,1,1,,f,,1,,1,,,,1,1,,,suicide,,1,,,,,1,,,,1,,forced
"Lathom, Francis",m,"ITALIAN MYSTERIES, OR, MORE SECRETS THAN ONE. A ROMANCE",1820,86,234,Pure or high Gothic,,,,,2,1,1,both,,,,1,,1,scar,,1,,,,,,,1,1,,extra,,,,,,,1,,,,1,,,,,,1,,,1,speech,1,,1,2,1,1,,drunkenness and gaming,1,1,,,,,,2,1,1,both,,,1,1,,,,,,,1,,,,,,,1,,1,f,,1,1,,,,,,,,,,,,,2,,,,,,,,,,,,,,,,1,,,,1,1,,f,,,,,,,1,,,,,,,1,1,,,1,2,,1,,,1,clandestine and interrupted
"Lathom, Francis",m,"THE MIDNIGHT BELL. A GERMAN STORY, FOUNDED ON INCIDENTS IN REAL LIFE",1798,87,227,Pure or high Gothic (the supernatural acoustic),,,,,1,1,,female,,banditti,1,,,,,,,,,,,,,1,1,,extra,1,1,,,haven,,,,,,,,,,,,,,,,,,,1,1,,1,,gaming,1,,,,,,1,,,,,,,,,1,,,1,1,,,1,,1,almost,,,,,,,,,,,1,,,,1,,,,,,,,1,,,,,,,,,,,,,,,1,,,,,,,,1,,,,,,,1,,,1,fake,1,,1,,,,1,,,,1,,forced
"Lathom, Francis",m,"THE MYSTERIOUS FREEBOOTER, OR, THE DAYS OF QUEEN BESS. A ROMANCE",1806,88,231,Gothified history (terror mode),,,,,1,1,,female,,,,,,,,,,,1,,,,,1,1,,extra,,,,,,,1,,,,1,,,,,,,,,,,,,,,,,,,,,,,,,,,,,,1,,1,,,,,,,,,1,,1,almost,,1,,,,,,,1,,2,,,,,,1,,,1,,,,,,,,1,,,,,,1,1,,rape,,,,,,,,,,1,1,,,,1,1,1,,,suicide,,,1,,,,2,,1,,,1,clandestine and interrupted
"Lathom, Francis",m,MYSTERY. A NOVEL,1800,89,228,Naturalized Gothic (domestic and sentimental elements),,,,,,,,,,,,,,,,,,,,,,,,,,,,,,,,,,1,,,,1,,,,,,,,,,,,,,,,,,,,,,,,,,,,,,,,,,,,,,,1,,1,,1,almost,,,,,,,1,,,,,,,,,,,,,,,,,,,,,1,,,,,,,,,,,,,1,1,,1,m,,,,,,,,2,1,1,,suicide and attempt,,,1,,,,,,,,,,
"Lathom, Francis",m,"THE UNKNOWN, OR, THE NORTHERN GALLERY. A ROMANCE",1808,90,233,Gothified history (terror mode),,,,,1,,1,male,,banditti,,1,,1,scar,,1,,,,,,,1,1,,extra,,,,,,,1,,,,1,1,1,,,emotional,,,,,,,,1,,,,,,,1,1,1,,successful,,2,1,1,both,,,,,1,1,,,,1,,1,,1,almost,,,,,,,1,,1,,1,,,,,1,,,,,,,,,,,1,,,,,,,,,,,1,,,1,,,,,,,,,,,1,,,,,,,,,,1,,,,,,,,
"Lathy, Thomas Pike",m,"THE INVISIBLE ENEMY, OR, THE MINES OF WIELITSKA. A POLISH LEGENDARY ROMANCE",1806,91,237,Pure or high Gothic (Schauerromantik elements),,,,,2,1,1,both,,banditti,1,,,,,,,,,,,,,,,,,,,,,,1,,,,,,,,,,,,,,,,,,,,,,,,,1,,,,,,,,,,,,1,1,,,,,,,,,,,,1,,,,,,,,,,,,,,,,,,,,,,,,,,,1,,,,,,1,,1,attempted rape,1,,,,,,,,,,,,,,,1,,1,,attempt,,1,,,,,,,,,,,
"Lee, Sophia",f,"THE RECESS, OR, A TALE OF OTHER TIMES",1785,92,240,Gothified history (terror and sentimental elements),,,,,,,,,,,,,,,,,,,,1,,1,good,1,,1,legal,1,,1,,prison,,1,,,,1,,,,,,,,,,,,,,1,1,,,drunkenness,1,,,,,,1,1,1,,female,,,,,,,,,,1,1,1,,1,almost,,,1,1,,m,1,,1,,,,,,,,,,,,,,,,,,1,,,,,1,,,,,,,1,,,,,,,1,,,,,,,1,1,,,suicide,,,,,,,2,,1,,,1,clandestine and interrupted
"Legge, F.",unknown,"THE SPECTRE CHIEF, OR, THE BLOOD-STAINED BANNER. AN ANCIENT ROMANCE. With THE SPECTRE CHIEF is bound BARON FITZALLAN",1800,93,241,Gothic chapbook (Shauerromantik elements),,,,,1,,1,male,,,,,,,,,,,,,,,,1,1,,extra,,,,,,1,,,,,,,,,,,,,,,,,,,,,,,,,,,,,,,,,,,,,,,,,1,,,,,,,,,,,,,,,,,,,1,,,,,,1,,,,,1,,,,,,,,,,,1,1,,1,attempted rape,,,,,,,,,,,,,,,,,,,,,,,,1,,,,,,,,,
"Leigh, Sir Samuel Egerton",m,"MUNSTER ABBEY. A ROMANCE, INTERSPERSED WITH REFLECTIONS ON VIRTUE AND MORALITY",1797,94,242,Didactic and domestic novel (Gothic titling),,,,,,,,,,,,,,,,,1,,,1,,1,good,,,,,,,,,,,,,,,,,,,,,1,,,1,speech,,,,,,,,,,,,,,,,,,,,1,,1,1,,,,,,,1,,,,,,,,,,,,,1,,,,,,,,,,,,,,,,,,,,,,,,,,,,,,,,,,,,,,,,,,,1,,,,,,,,,,,,,,,,,,
"Leland, Thomas",m,"LONGSWORD, EARL OF SALISBURY. AN HISTORICAL ROMANCE",1762,95,243,"Gothified history (historical Gothic prototype, terror elements)",,,,,1,1,,female,,,,,,,,,,1,1,2,1,1,both,1,1,,extra,,,,,,,1,,,,1,,,,,,,,,,,,,,1,1,,,drunkenness,,1,,,,,,1,1,,female,,,1,1,,,,1,,1,1,,,,,,,,,,,,,,,1,,,,,,1,,,,,2,,,,,,,1,,,,,1,,1,attempted rape,,,,,1,1,,f,1,,,,,,1,1,1,,,suicide,,1,,,,,1,,,,,1,interrupted
"Lewis, Matthew",m,THE BRAVO OF VENICE,1805,96,245,Rauberroman (terror mode),,,,,,,,,,banditti,1,,,,,,,,,1,1,,,,,,,,,,,,,,,,,,,,,,,,,,,,,,,,,,,,,,,,,,1,,,,,,,,,,,,,,,1,,,,,,,,,,,,1,,,,,,,,,,,,,,,,,,,,,,,,,,,,,,,1,,,,,,,,,,,,,,,,,,,1,,,,,,,,,,,,
"Lewis, Matthew",m,"FEUDAL TYRANTS, OR, THE COUNTS OF CARLSHEIM AND SARGANS. A ROMANCE. TAKEN FROM THE GERMAN",1806,97,,(not indexed),2,1,1,both,1,1,,female,,banditti,,,,,,,,1,,2,1,1,both,1,1,,extra,3,1,1,,both,1,,,,,,,,,,,,,,,,1,1,,1,1,,,drunkenness,,1,,,,,,1,,1,male,2,,1,1,,,,1,,,1,,,,,,,1,1,,m,1,,,,1,,,,,,,1,,,,1,,,,1,1,,,,,,,,,,,1,1,,,,,,,,,,,,1,1,,,,,,1,,,1,,1,1,,,,,1,interrupted
"Lewis, Matthew",m,"THE ISLE OF DEVILS. AN HISTORICAL TALE, FOUNDED ON AN ANECDOTE IN THE ANNALS OF PORTUGAL",1827,98,,(not indexed),,,,,,,,,,,,,,,,1,,1,,,,,,1,1,,extra,,,,,,,,,,,,,,,,,,,,,,,,,,,,,,,,,,,,,,,,,,,,,,,,,,,,,,,,,,,,,,1,,,,1,,,1,,,,,,,,,,,,,,,,,,,,1,1,,rape,,,1,,,,,,1,,,,,,1,1,1,,,suicide,,,,,,,,,,,,,
"Lewis, Matthew",m,THE MONK. A ROMANCE,1796,99,244,"Pure or high Gothic (horror, terror, and Schauerromantik modes, monastic shocker)",,,,,,,,,,banditti,1,,,,,1,,,1,1,1,,evil,2,1,1,both,2,1,1,,both,2,,,,,,,,,,,,,,,,1,1,1,1,1,,,drunkenness,,1,2,,2,bungled and prevented,,1,,1,male,1,1,1,1,,2,,,,1,1,1,1,,actual,1,1,1,1,,m,,1,1,1,3,,1,,,1,,,1,,,1,4,2,,,1,,,1,1,,1,1,1,,rape,1,,1,,1,1,,f,,1,,1,,1,1,1,,,1,fake,,,,,,,1,,1,,,,clandestine
"Lewis, Matthew",m,ROMANTIC TALES,1808,100,247,"Gothic anthology (terror, horror, and Schauerromantik modes represented with Germanic translations and imitations)",,,,,,,,,,,,1,,1,scar,1,,1,,,,,,,,,,1,,,1,,1,1,,,,1,1,1,,,emotional,,,,,,1,,,,,,,,,,1,1,,successful,,2,1,1,both,3,1,,,,,1,1,,,1,,,,,,,,,,,1,,,,1,1,,,,,,,,,,,1,1,,,,,,1,,,1,,,,,1,,,1,1,1,,f,,,,,,,,1,1,,,suicide,1,,1,,,,,,,,,,
"Lewis, Matthew",m,TALES OF TERROR. WITH AN INTRODUCTORY DIALOGUE,1801,101,,(not indexed),,,,,1,1,,female,,,,,,,,,,,,,,,,,,,,,,,,,,,,,,,,,,,,,,,,,,,,1,,,1,gluttony,,,,,,,,,,,,,,,,,1,,,1,,,,,,,,,1,1,,m,,,,,1,,1,,,,,,,,,,1,1,,,,,,1,,,,,,,,,,1,,1,1,,f,1,,,,,,,1,1,,,suicide,,,,,,,,,,,,,
"Lewis, Matthew",m,"THE WOOD DAEMON, OR, ""THE CLOCK HAS STRUCK""",1807,102,246,Gothic chapbook (converted from Gothic drama),,,,,,,,,,,,1,1,,birthmark,1,,1,,,,,,,,,,,,,,,,,,,,,,,,,,,,,,,,1,,,,,,,,,,,,,,,,,,,,1,,,1,,,1,,,,,,,,,,,,,,,,1,,,,,,,,,,,,,,,,,,1,,,1,,,,,,,,,,,,,,,,,,,,,,,,,,,,1,,,,,,,,,,,
"Lucas, Charles",m,"GWELYGORDD, OR, THE CHILD OF SIN. A TALE OF WELSH ORIGIN",1820,103,,(not indexed),,,,,,,,,,,,,,,,,,,,,,,,,,,,,,,,,,1,,,,1,,,,,,,,,,,,,,,,,,,,,,,,,,,,,,,,,,1,,,,,,,1,,1,almost,,,,,,,,,,,,,,,,,,,,,,,,,,,,,,,,,,,,,,,,,,,,,,,,,,,,,,,,,,,,,,,,,,,,,,
"Lucas, Charles",m,THE INFERNAL QUIXOTE. A TALE OF THE DAY,1801,104,252,"Political and polemical Gothic (satiric and philosophic elements, attack on Godwin and Jacobin novelists)",,,,,1,1,,female,adultery,,,,,,,,,,,,,,,,,,,,,,,,,,,,,,,,,,,,,,,,,,,1,,1,,gaming,1,,1,1,,successful,,,,,,1,1,,,,,,,,,,,,,,,,1,1,,m,,,,,,,,,,,,,,,,,,,,,,,,,,,,,,,,,,,,1,1,,f,,,,,,,,1,1,,,suicide,,1,,,,,,,,,,,
"Mackenzie, Anna Maria",f,THE DANISH MASSACRE. AN HISTORICAL FACT,1791,105,255,Gothified history (terror mode),1,1,,bad,,,,,,,,,,,,,,,1,,,,,,,,,,,,,,,,,,,,,,,,,1,,,1,speech,,,,,,,,,,,,,,,,,,,,,,,,,,,,,,,,,,,,,,,,,1,,,1,,,,,,,,,,,,,,,,1,,,1,,,,,,,,,,,,,,,,,,,,,,,1,,,,,,,,,,,,,,,,,,
"Mackenzie, Anna Maria",f,"THE IRISH GUARDIAN, OR, ERRORS OF ECCENTRICITY",1809,106,259,Domestic fiction (several Gothic elements and characters),,,,,,,,,,,,,,,,,,,,,,,,1,1,,extra,,,,,,,1,,,,1,1,1,,,emotional,,,,,,,,1,,,,,,,,,,,,,1,1,,female,,,,,,,,,,,,1,,1,almost,1,,,,,,1,,1,,,,,,,,,,,,,,,,,,,,,,,,,,,,,1,,,,,,,,1,,,,,,,,,,,,1,,,,,,,,,,,,
"Maturin, Charles Robert",m,THE ALBIGENSES. A ROMANCE,1824,107,269,Gothified history (terror-horror modes),,,,,1,1,,female,,banditti,1,1,1,,birthmark,2,,1,,1,1,,evil,1,1,,extra,,,,,,1,,,,,,,,,,,,,,,,1,1,,1,,,1,gluttony,,1,,,,,,1,,1,male,1,1,2,1,,1,,,1,,,,,,,,,,,,,,,,,1,,1,,,,,,,,,,,,,,,,,1,,,1,1,,1,attempted rape,1,,,,,,,,,,,,,,,1,1,,,suicide,,1,,,1,,,,,,,,
"Maturin, Charles Robert",m,"FATAL REVENGE, OR, THE FAMILY OF MONTORIO. A ROMANCE",1807,108,265,Pure or high Gothic (terror-horror modes),1,1,,bad,,,,,,banditti,,,,,,2,,1,,1,1,,evil,1,1,,extra,,,,,,1,1,,,,1,,,,,,1,,,1,speech,1,1,,1,,1,,gaming,,,,,,,,1,1,,female,1,,,,,1,,,,,,,,,,1,,2,1,1,both,,1,1,,1,,,,,,1,,,,,,1,,,,1,,,,1,,,,,,,1,,,,,,,,1,1,1,,,,1,,,,,,,,1,,1,,1,,1,,,,clandestine
"Maturin, Charles Robert",m,MELMOTH THE WANDERER,1820,109,268,"Pure or high Gothic (actually, a composite of Gothic types)",,,,,,,,,,banditti,,,,,,1,1,,1,2,1,1,both,1,1,,extra,,,,,,,,,,,,1,1,,,emotional,1,1,,,agonies,,,,1,1,,,drunkenness,1,1,,,,,,2,1,1,both,,,2,1,1,,1,,1,1,1,1,,1,almost,1,,,,,,1,,1,1,2,,,1,,,1,,,,,2,,,,,1,,,,2,,,,,,,,,,,,,,,1,2,,2,,1,1,,,,,,1,,,,1,,1,,1,,,,clandestine
"Maturin, Charles Robert",m,THE MILESIAN CHIEF. A ROMANCE,1812,110,267,"Pure or high Gothic (terror mode, revolutionary Irish politics)",,,,,,,,,,,,,,,,,,,,1,1,,evil,,,,,,,,,,1,1,,,,,,,,,,,,,,,,,,,,,,,,,,,,,1,,,,,,,,,,,,,,,,,,,,,,,,,,1,,,,,,,,,,,,,,,,,,,,,,,,,,,,,,,,,,,,,,,,,,,,,,1,1,,,suicide,,1,,,,,,,,,,,
"Maturin, Charles Robert",m,THE WILD IRISH BOY,1808,111,266,Domestic fiction (several touches of terror Gothicism),,,,,,,,,,,1,,,,,,,,,1,,1,good,1,,1,legal,,,,,,1,,,,,,,,,,,,,,,,,,1,3,1,1,1,all three,1,,,,,,,1,1,,female,,,,,,,,,,1,1,,,,,,,1,,1,f,,,,,,,,,,,,,,,,1,,,,1,,,,,,,,,,,,,,,,,,,,,,,,,,,1,,,1,fake,,,,,,,,,,,,,
"Meeke, Mary",f,"COUNT ST. BLANCHARD, OR, THE PREJUDICED JUDGE. A NOVEL",1795,112,272,Domestic Gothic (search for the father),1,1,,bad,2,1,1,both,,,,1,1,,birthmark,,,,,,,,,1,1,,extra,1,1,,,haven,,,,,,,,,,,,1,,,1,speech,,,,1,1,,,drunkenness,,1,1,1,,successful,,2,1,1,both,,,,,,,,1,,,1,,,,,,,,,,,,,,,,,,,,,,,,,,,,,,1,,,,,,,,,,,,,1,,,,,,,,,,,,,,,,,,,,,,,,,1,,1,,,,clandestine
"Meeke, Mary",f,MIDNIGHT WEDDINGS. A NOVEL,1802,113,276,"Pure or high Gothic (domestic elements, genealogical entanglements)",,,,,1,,1,male,,,1,1,1,,birthmark,,,,1,,,,,,,,,,,,,,,,,,,,,,,,,,,,,,,,,,,,,,,,,,,,,,,,,,,,,,,,,,1,,1,,1,almost,,,1,,1,f,,1,1,,,,,,,,,,,,,,,,,,,,,,,,,,,,,,,,,,,,,,,,,,,,,,,,,,,,,,,,,,,,,
"Meeke, Mary",f,"""THERE IS A SECRET, FIND IT OUT!""",1808,114,277,Domestic fiction (intermittent Gothic elements),,,,,,,,,adultery,,,,,,,,,,,,,,,1,,1,legal,,,,,,,,,,,,2,1,,1,emotional and sad,2,1,,1,agonies and speech,,,,2,1,1,,drunkenness and gaming,1,,,,,,,1,,1,male,,,1,1,,,,,,1,1,,,,,,,1,,1,f,,,,,,,,,,,,,,,,,,,,,,,,,,,,,,,,1,,,,1,1,,f,,,,,,,,,,,,,,,,,,,1,,1,,,,clandestine
"Meeke, Mary",f,"THE VEILED PROTECTRESS, OR, THE MYSTERIOUS MOTHER. A NOVEL",1819,115,279,Domestic fiction (intermittent Gothic effects),,,,,,,,,,,,,,,,,,,,,,,,,,,,,,,,,,,,,,,,,,,,,,,,,,,,1,1,,,drunkenness,,,,,,,,,,,,,,,,,,,,,1,,,,,,,,,,,,,,,,,,,,,,,,,,,,,,,,,,,,,,,,,,,1,,,,1,1,,f,,,,,,,,,,,,,,,,,,,1,,,1,,,counterfeit
unsigned,unknown,"THE MIDNIGHT GROAN, OR, THE SPECTRE OF THE CHAPEL",1808,116,283,Gothic bluebook (variable plagiarism from many Gothics),,,,,1,1,,female,,,,,,,,2,,,,,,,,,,,,,,,,,,,,,,,1,1,,,emotional,,,,,,,,,,,,,,,1,,,,,,1,1,,female,,,,,,,1,,,1,,1,,1,almost,,,,,,,,,,,1,1,,,,,,,,,,,,,,,,,,,,,1,,,,,,,,1,,,,,,,,,,,1,1,1,,,suicide,1,,,,,,3,,1,,1,1,"clandestine, forced, and interrupted"
"Montague, Edward",m,THE DEMON OF SICILY,1807,117,291,"Pure or high Gothic (monastic shocker, excessive natural and supernatural horror)",,,,,1,1,,female,,,,,,,,,,,,,,,,,,,,2,1,1,,both,,,,,,,,,,,,,,,,,,1,,,,,,,,,,,,,,,,,,,,,,,,,1,,1,,,,,,1,,,,,,,,,,,,,,,,,,,,,1,2,1,,,,1,,,,,,,,,,,,1,,,,,,,,,,,,,1,1,,,suicide,,,,,,,1,,,,,1,interrupted
"Moore, George",m,GRASVILLE ABBEY. A ROMANCE,1797,118,295,"Pure or high Gothic (terror mode, in serialized form)",,,,,,,,,,banditti,,,,,,1,,1,,,,,,1,1,,extra,2,,1,,prison,,,,,,,,,,,,1,1,,,agonies,1,,,1,,1,,gaming,,,,,,,,1,1,,female,,,1,1,,,,1,1,,1,,,,,,,,,,,,,1,,,,,,,,,,,,,,,,,,,,,1,,,,,,,,,,,,,,,,,,,,,,,,,,,,,,,,,1,,,,,,,
"Moore, George",m,"THEODOSIUS DE ZULVIN, THE MONK OF MADRID. A SPANISH TALE, DELINEATING VARIOUS TRAITS OF THE HUMAN MIND",1802,119,296,Pure or high Gothics (a multiple Gothic containing elements of several subspecies of Gothic fiction) ,2,1,1,both,1,1,,female,adultery,banditti,1,,,,,,1,,,1,1,,evil,1,1,,extra,1,,1,,prison,2,,,,,,1,1,,,emotional,1,1,,,agonies,1,1,1,2,1,1,,drunkenness and gaming,,1,,,,,1,2,1,1,both,,,1,,,,,,,,1,,,,,,2,2,1,1,both,1,1,1,,3,1,,,,,1,,,1,,,,,,,1,,1,1,,,1,1,,1,attempted rape,,,,1,2,1,1,both,1,,,,,1,1,1,1,,,suicide,,,,,1,,1,,1,,,,clandestine
"Moore, John",m,"ZELUCO. VARIOUS VIEWS OF HUMAN NATURE, TAKEN FROM LIFE, AND MANNERS, FOREIGN AND DOMESTIC",1789,120,297,Novel of domestic sadism (titular character is a prototypical Gothic villain),,,,,,,,,adultery,,,,,,,,,,1,,,,,1,1,,extra,1,1,,,haven,,1,,,,1,2,1,,1,emotional and sad,,,,,,,,,1,,1,,gaming,1,,,,,,,1,1,,female,,,,,1,,,,1,1,,1,,1,almost,,,,,,,1,,,,2,1,,1,,,,,,,,,,,,,,,,,1,,,,,,,,,,,1,1,,f,,,,,,,,,,,,,,,,1,,,1,,1,,,,clandestine
"Moore, Thomas",m,THE EPICUREAN. A TALE,1827,121,,(not indexed),,,,,,,,,,,,,,,,,,,,,,,,1,1,,extra,,,,,,,,,,,,,,,,,,,,,,1,1,,,,,,,,,,,,,,,,,,1,,2,1,,,,,,,,,,,,,,,,,,,,,,,,,,,,,,,,,,,,,,1,,,,,,,,,,,,,,,,,,,,1,1,,,,,,,,,,,,,,,,,,,,,,
"Palmer, John, Jr.",m,THE HAUNTED CAVERN. A CALEDONIAN TALE,1796,122,315,"Grotto Gothic (horror mode, elements of Gothified history)",1,1,,bad,1,1,,female,adultery,,,,,,,,,1,,,,,,1,1,,extra,1,,,1,,,,,,,,1,1,,,emotional,,,,,,1,,,,,,,,,1,1,1,,successful,,1,1,,female,,,,,,,,1,,,1,,,,,,,,,,,,,,,,,,,,,,,,,,,,,,,,,1,,,,,,,,,1,,,,,,,,,1,1,,,,1,,,,,,,,1,,1,,2,,,,1,1,forced and interrupted
"Palmer, John, Jr.",m,THE MYSTERY OF THE BLACK TOWER. A ROMANCE,1796,123,316,Tower Gothic (elements of Gothified history),,,,,2,1,1,both,,,,,,,,,,,,,,,,1,1,,extra,,,,,,3,,,,,,1,1,,,emotional,1,,,1,speech,1,,,,,,,,1,1,,,,,,,,,,1,,,,,,,,,,1,,,,,,,,,,,1,,1,,2,1,1,,,,,,,,,,,,,,,1,,,,,1,,,,,1,,,,,,,,,,,,,,,,,,,,,1,,1,,,,,,,,,
"Parsons, Eliza",f,ANECDOTES OF TWO WELL-KNOWN FAMILIES,1798,124,321,Gothic parody (some serious motifs mixed with satire on the Gothic heroine),,,,,,,,,,,,,,,,,,,,,,,,,,,,,,,,,,,,,,,,,,,,,,,,,1,,,,,,,,,,,,,,,,,,,,,,,,,,,,,,,,,,,,,,,,,,1,,,,,,,,,,,,,,,,,,,,,,,,,,,,,1,,,,1,1,,f,,,,,,,,,,,,,,,,,,,,,,,,,
"Parsons, Eliza",f,CASTLE OF WOLFENBACH. A GERMAN STORY,1793,125,319,"Pure or high Gothic (Germanic and Schauerromantik elements, sham translation)",,,,,1,1,,female,,,,,,,,1,,,,,,,,1,1,,extra,1,1,,,haven,2,,,,,,,,,,,,,,,,,,1,,,,,,,,,,,,,,,,,,,1,1,,,,,,,,1,,1,almost,,,1,,1,f,,,,,2,,1,,,,,,,1,,,,,,,,,1,,,,,,,,,1,,,1,,,,,,,,,,,1,,,,,,,,,,,,1,,,,1,,forced
"Parsons, Eliza",f,THE HISTORY OF MISS MEREDITH. A NOVEL,1790,126,,(not indexed),,,,,,,,,,,,,,,,,,,,,,,,,,,,,,,,,,,,,,,1,1,,,emotional,1,1,,,agonies,,,,1,,1,,gaming,1,,,,,,,,,,,,,,,,,,,,,,,,,,,,1,1,,m,,1,,,,,,,,,,,,,,,,,,,,,,,,,,,,,,,,,,,,,,,,,,,,,,,,,,,,,,,,1,,1,,,,clandestine
"Parsons, Eliza",f,THE MYSTERIOUS WARNING. A GERMAN TALE,1796,127,320,"Pure or high Gothic (terror mode, explained supernatural)",,,,,1,1,,female,adultery,banditti,,,,,,,1,,1,1,,1,good,2,1,1,both,,,,,,1,,,,,,,,,,,2,,1,1,blessing and speech,,,,,,,,,1,1,,,,,,2,1,1,both,,,1,1,1,,,,,1,1,,,,,,,,,,,1,,,,1,,1,,,,,,,,,,1,,,1,,,,,,1,,,,,,,1,,1,1,1,,f,,,,,,,,1,1,,,suicide,,,,1,1,,1,,1,,,,clandestine
"Patrick, Mrs.",f,MORE GHOSTS!,1798,128,324,"Pure or high Gothic (artificial terror, numerous elements of Gothic parody)",1,,1,good,,,,,adultery,,1,,,,,,,,,1,,1,good,,,,,1,,1,,prison,,,,,,,,,,,,,,,,,1,,,1,,1,,gaming,,,1,,1,bungled,,2,1,1,both,,,,,,1,,,,1,1,1,,1,almost,,,,,,,1,,1,,,,,,,,,,,,,,,,,,,,,,1,,,,,,,,1,,,1,,1,m,,,,,,,,,,,,,,,,,1,1,1,,1,,,,clandestine
"Pickersgill, Joshua, Jr.",m,THE THREE BROTHERS. A ROMANCE,1803,129,329,"Pure or high Gothic (elements of THE MONK, monster story, transformation motif)",,,,,2,1,1,both,,banditti,,1,1,,birthmark,1,,1,1,1,1,,evil,1,,1,legal,1,,1,,prison,4,,,,,,,,,,,,,,,,,,,2,1,,1,drunkenness and gluttony,,1,,,,,,2,1,1,both,1,1,,,1,,,,2,1,,2,1,1,both,1,,2,1,1,both,,,1,,3,,1,1,,,1,,,,,,,,,,1,,1,,1,,1,1,1,,rape,1,1,1,1,2,1,1,both,,,,,,,1,2,1,,1,suicide and fake,1,,,1,1,,1,,,,,1,interrupted
"Polidori, John William",m,"ERNESTUS BERCHTOLD, OR, THE MODERN OEDIPUS. A TALE",1819,130,334,Natural Gothic horror (uses incest motif),,,,,,,,,,banditti,,,,,,,,,1,1,,1,good,2,1,1,both,,,,,,3,,,,,,2,1,,1,emotional and sad,1,1,,,agonies,,1,,2,1,1,,drunkenness and gaming,1,1,1,1,,successful,,2,1,1,both,,,,,,1,1,1,,1,1,1,1,,almost,,,2,1,1,both,,,1,,,,,,,,,,,,,,,,,1,,,,,1,,,,,,,1,1,1,,,,,,,,,,,1,1,,,,,,1,,,,,1,,,,,,,
"Polidori, John William",m,THE VAMPYRE. A TALE,1819,131,333,Prototypical Vampire Tale (Gothic characterization and scenery),,,,,,,,,,,,,,,,,,,,,,,,,,,,,,,,,,,,,,,,,,,,,,,,,,,,1,,1,,gaming,,,,,,,,,,,,,,,,,,,,,,,,,,,,,1,1,,m,,,,,,,,,,,,,,,,,,,,,,,,,,,,,,,,,,,,1,1,,f,,,,,,,,,,,,,,,,,,,,,,,,,
"Porter, Anna Maria",f,"ROCHE-BLANCHE, OR, THE HUNTERS OF THE PYRENEES. A ROMANCE",1822,132,336,Gothified history,,,,,,,,,,,,,,,,,,,,,,,,1,,1,legal,1,,,1,,,,,,,,,,,,,,,,,,,1,,,,,,,1,,,,,,,2,1,1,both,1,,,,,,,,,1,,,,,,,,,,,,,1,,,,,,,,,,,,,,,,,,,,,,,,1,,,,,,,,,,,,,,,,,,,,1,,,,,,,,,,,,,,,,,,
"Radcliffe, Ann",f,THE CASTLES OF ATHLIN AND DUNBAYNE,1789,133,346,Pure or high Gothic (terror mode),,,,,1,1,,female,,,,1,1,,birthmark,,1,1,,,,,,1,1,,extra,,,,,,1,,,,,,,,,,,,,,,,1,,,,,,,,,1,,,,,,1,1,,female,,,,,,,,,,,1,,,,,,,,,,,,,1,1,,,,,,,,,,,,,,,,,1,1,,,,,,,,,,,1,,,,,,,1,,,,,,1,,,,,,,,1,,,,,,,,,,
"Radcliffe, Ann",f,"GASTON DE BLONDEVILLE, OR, THE COURT OF HENRY III. KEEPING FESTIVAL IN ARDENNE",1826,134,351,Gothified history (authentic supernatural elements),,,,,,,,,,banditti,,,,,,2,1,,,1,1,,evil,,,,,,,,,,1,,,,,,,,,,,,,,,,,,1,,,,,,,,,,,,,2,1,1,both,1,,,,,1,,,,,,,,,,,,,,,,,1,1,1,,,,,,,,,,,,,,,,,1,,,,2,,,,,,,,,,,,,,,,,,,,,1,,,,,,,,,,1,,1,,,,,1,interrupted
"Radcliffe, Ann",f,"THE ITALIAN, OR, THE CONFESSIONAL OF THE BLACK PENITENTS. A ROMANCE",1797,135,350,Pure or high Gothic (terror and horror modes),2,1,1,both,1,1,,female,,,,,,,,1,1,,,1,1,,evil,1,1,,extra,2,,1,,prison,1,,,,,,,,,,,1,1,,,agonies,1,,,,,,,,,1,,,,,,2,1,1,both,,,,,,1,,,,,1,1,,1,almost,1,,,,,,,1,1,,1,,1,,,,,,,,,,,,,1,1,,,2,,1,,1,,1,attempted rape,,1,,1,,,,,1,,,,,,,1,1,,,suicide,1,,,1,,,1,,,,,1,interrupted
"Radcliffe, Ann",f,THE MYSTERIES OF UDOLPHO. A ROMANCE,1794,136,349,Pure or high Gothic (terror mode),1,,1,good,1,1,,female,adultery,banditti,,,,,,1,,1,,,,,,2,1,1,both,,,,,,3,,,,,,1,,,1,sad,1,1,,,agonies,1,,,1,,1,,gaming,1,,,,,,,1,1,,female,1,,1,,,,1,1,1,,1,,,,,,,,,,,,,1,1,1,,,,,,,,,1,,,,,,1,1,,1,1,1,1,1,,,,,1,,,,,,,,1,,,,,,1,,,,,,1,,,,1,,,,,,,,
"Radcliffe, Ann",f,THE ROMANCE OF THE FOREST,1791,137,348,Pure or high Gothic (terror mode),1,1,,bad,2,1,1,both,,,1,,,,,1,1,,,1,,1,good,2,1,1,both,,,,,,,,,,,,,,,,,,,,,,1,1,,1,,1,,gaming,1,,,,,,,2,1,1,both,1,,,,,,,,,1,1,1,,1,almost,,1,1,1,,m,,,1,,1,,1,,,,,,,,,,1,1,,,1,,,,,,,,,,,,,,,,,,,,1,1,,,,1,1,1,,,suicide,,1,,,1,,,,,,,,
"Radcliffe, Ann",f,A SICILIAN ROMANCE,1790,138,347,Pure or high Gothic (terror mode),,,,,2,1,1,both,adultery,banditti,,,,,,,,1,,1,1,,evil,1,1,,extra,1,1,,,haven,,,,,,,,,,,,1,,,1,speech,1,,,1,1,,,drunkenness,1,1,1,,1,prevented,,1,1,,female,1,,,,,,,,,,,,,,,,,1,1,,m,,,1,,,,,,,,,,,,,1,,,,,1,,,,,,,1,,1,attempted rape,,,,1,,,,,1,,,,,,1,1,1,,,suicide,,,,1,,,1,1,,,,,aborted
"Radcliffe, Ann",f,"MANFRONÉ, OR, THE ONE-HANDED MONK",1809,139,352,"Pure or high Gothic (imitation of the ""first"" Mrs. Radcliffe)",,,,,1,1,,female,,,,,,,,,,,,,,,,1,1,,extra,,,,,,,,,,,,1,,,1,sad,,,,,,1,,,1,1,,,drunkenness,,1,,,,,,1,,1,male,1,1,1,1,,1,1,,1,,,,,,,,,,,,,,,,,,,,,,,,,,,,,,,,,,,,,,,1,1,,1,attempted rape,1,,,1,,,,,,1,1,,,,,,,,,,,1,,,,,3,,1,,1,1,"clandestine, forced, and interrupted"
"Reeve, Clara",f,"THE EXILES, OR, MEMOIRS OF THE COUNT DE CRONSTADT",1788,140,357,Sentimental fiction (intermittent Gothic elements),,,,,,,,,,,1,,,,,,1,,1,,,,,,,,,,,,,,,,,,,,1,,,1,sad,,,,,,,1,,,,,,,1,,,,,,,1,1,,female,,,,,,,,,1,,1,,,,,,,1,1,,m,,,,,,,,,,,,,,,,,,,,1,,,,,,,,1,,1,attempted rape,,,,,,,,,,,,,,,,,,,,,,,,,,,1,,1,,,,clandestine
"Reeve, Clara",f,THE OLD ENGLISH BARON,1777,141,355,Gothified history (subdued supernatural and domesticated Gothic),,,,,,,,,,,,,,,,,,,,,,,,,,,,,,,,,,,,,,,,,,,,,,,,,,,,,,,,,,,,,,,,,,,,,,,,,,,,,,,,,,,,,,,,,,,,,,,,,,,,,,,,,,,,,,1,,,,,,,,,,,,,,,,,,,,,,,,,,,,,,,1,,,,,,,,,,,
"Reeve, Clara",f,THE SCHOOL FOR WIDOWS. A NOVEL,1791,142,358,Sentimental fiction (intermittent Gothic elements),,,,,,,,,,,,,,,,1,1,,,,,,,,,,,,,,,,,1,,,,1,,,,,,,,,,,,,,,,,,,,,,,,,,1,1,,female,,,,,,,,1,1,1,,,,,,,,,,,,1,,,,,,,,,,,,,,,,,,,,,,,,1,,,,,,,,,,,,,,,,,,,,,,,,,,,,1,,,,,1,,,1,,,counterfeit
"Reeve, Clara",f,THE TWO MENTORS. A MODERN STORY,1783,143,356,Sentimental fiction (intermittent Gothic elements),,,,,1,1,,female,,,,,,,,,,,,,,,,,,,,,,,,,,,,,,,,,,,,,,,,,,,,,,,,,,,,,,,,,,,,,,,,,,,,,,,1,,1,almost,,,1,1,,m,,1,,,,,,,,,,,,,,,,,,,,,,,,,,,,,,1,,,,1,1,,f,,,,,,,,,,,,,,,,,,,,,,,,,
"Reeve, Sophia",f,THE MYSTERIOUS WANDERER,1807,144,359,Domestic fiction (has Gothic elements and bears a Gothic title),,,,,1,1,,female,,,,,,,,,1,,,,,,,2,1,1,both,,,,,,,,,,,,1,1,,,emotional,,,,,,,,,,,,,,1,,1,1,,successful,,,,,,1,,2,1,,,,,,,,,,,,,,,,,,1,,1,,,,,,,,,,,,,,,,,1,,,,,,,,,,,,1,,,,,,,,,,,,,,,1,,1,,attempt,,,,1,,,1,,,,1,,forced
"Robinson, Mary",f,"VACENZA, OR, THE DANGERS OF CREDULITY",1792,145,360,Sentimentalized Gothic (uses the motif of the mysterious key),,,,,,,,,,,1,,,,,,,,,,,,,,,,,1,,,1,,,,,,,,2,1,1,,emotional and pre-nuptual,1,,,1,speech,1,,,1,,1,,gaming,1,,,,,,,1,1,,female,,,,,,,,,,1,1,1,,1,almost,,,1,1,,m,,,,,1,,1,,,,,,,,,,,,,1,,,,1,,,,,,,,,,,,,,,,,,,,,,,,,,,,,,,,,,,,,,,,
"Roche, John Hamilton",m,"A SUFFOLK TALE, OR, THE PERFIDIOUS GUARDIAN",1810,146,362,Domestic fiction (various Gothic elements),,,,,,,,,,,,,,,,,,,,,,,,1,,1,legal,,,,,,,,,,,,2,1,,1,emotional and sad,1,1,,,agonies,,,,,,,,,,,,,,,,,,,,,,,,,,,,1,1,,,,,,,,,,,,1,,,,,,,,,,,,,,,,,,,,,1,,,,,,,,,,,,,,,,,,,,,,,,1,1,1,,,suicide,,,,,,,,,,,,,
"Roche, Regina Maria",f,"BRIDAL OF DUNMORE, AND, LOST AND WON",1823,147,,(not indexed),,,,,2,1,1,both,,,,,,,,,,,,,,,,,,,,,,,,,,,,,,,,,,,,,,,,,,,,1,,1,,gaming,,,,,,,,,,,,,,,,,,,,,,,,,,,,,,,,,1,,1,,,,,,,,,,,,,,,,,,,,,,,,,,,,,,,,,,,,,,,,,,,,1,1,,,suicide,,,,,1,,1,,,,1,,forced
"Roche, Regina Maria",f,THE CASTLE CHAPEL. A ROMANTIC TALE,1825,148,370,Semi-Domestic Gothic (Radcliffean scenery and elements),,,,,,,,,,,,,,,,,,,,,,,,,,,,,,,,,1,,,,,,1,1,,,emotional,,,,,,,,1,,,,,,,,,,,,,,,,,1,,,,,,,,,,,1,,1,almost,,,,,,,,,,,1,,,,,,,,,1,,,,,,,,,,,,,,,,,,,,,,,,,,,,,,,,,1,,1,,attempt,,,,,,,1,,,,1,,forced
"Roche, Regina Maria",f,THE CHILDREN OF THE ABBEY. A TALE,1796,149,364,Sentimentalized Gothic (intermittent Radcliffean elements),1,1,,bad,,,,,,,,,,,,,,,,1,,1,good,2,1,1,both,1,1,,,haven,1,,,,,,2,1,,1,emotional and sad,1,1,,,agonies,,,,2,1,1,,drunkenness and gaming,1,,,,,,,2,1,1,both,1,1,,,1,,1,,,,1,,,,,,,1,1,,m,1,,1,1,,,,,,,,,,,,,,,,1,,,,,1,,,,,,,,1,,,,,,,,,,,,,1,1,,,1,fake,,,,1,,,3,1,1,1,,,"aborted, clandestine, and counterfeit"
"Roche, Regina Maria",f,CLERMONT. A TALE,1798,150,365,Pure or high Gothic (terror mode),,,,,2,1,1,both,,banditti,,,,,,,,1,,,,,,1,1,,extra,,,,,,,,,,,,1,1,,,emotional,,,,,,,,,,,,,,,,1,1,,successful,,1,1,,female,,,,,1,,,,,,,,,,,,,1,1,,m,,,1,,1,,1,,,,,,,,,1,,,,,,,,1,,,,,,,,1,,,,,,,,1,,,,,,1,1,1,,,suicide,,1,,,1,,,,,,,,
"Roche, Regina Maria",f,CONTRAST,1828,151,371,Sentimental fiction (residual or secondary Gothic elements),,,,,1,1,,female,,,,,,,,,,1,,,,,,1,1,,extra,,,,,,,,,,,,1,1,,,emotional,,,,,,1,,,,,,,,,,,,,,,1,1,,female,1,,1,,,,,,,,,,,,,,,1,1,,m,,,1,,,,,,,,,,,,,,,,,1,,,,,1,,,,,,,,1,,,,,,,,,,,,,1,,,,,,,,,,1,,1,,,,1,,forced
"Roche, Regina Maria",f,"THE DISCARDED SON, OR, HAUNT OF THE BANDITTI. A TALE",1807,152,367,Domestic Gothic (various terror elements),,,,,2,1,1,both,,banditti,,,,,,,,1,,,,,,1,,1,legal,,,,,,,,,,,,,,,,,,,,,,,,,,,,,,1,,1,1,,successful,,2,1,1,both,,,1,1,,,,,,,,,,,,,,,,,,,,1,,,,,,,,,,,,,,,,,,,,,,,,,,,,,1,,,,1,1,,f,1,,,,,,1,,,,,,,,,,,1,1,,,,,1,interrupted
"Roche, Regina Maria",f,THE MAID OF THE HAMLET. A TALE,1793,153,363,Sentimentalized Gothic (numerous Radcliffean echoes and elements),,,,,,,,,,,,,,,,,,,,,,,,,,,,,,,,,,,,,,,,,,,,,,,,,,,,,,,,,,,,,,,,,,,,,,,,,,1,,,,,,,,,,,,,,,1,,,,,,,,,,,,,,,,,,,1,,,,,,,,,,,,,,,,1,1,,f,,,,,,,,,,,,,,,,,,,,,,,,,
"Roche, Regina Maria",f,NOCTURNAL VISIT. A TALE,1800,154,366,Domestic Gothic (numerous sentimental elements),1,1,,bad,1,1,,female,,,,1,1,,birthmark,,1,,,,,,,1,1,,extra,1,1,,,haven,1,,,,,,1,,,1,sad,,,,,,1,,,,,,,,1,,1,1,,successful,,1,1,,female,,,,,,,,,,,,1,,1,almost,,1,2,1,1,both,1,1,1,,,,,,,,,,,,,,1,,,,,1,,,,1,,1,,1,attempted rape,1,1,,1,1,1,,f,,,,,,,1,,,,,,,,,,1,,,,,,,,
unsigned,unknown,THE ROMANCE OF THE APPENNINES,1808,155,373,Rauberroman (Radcliffean and Shakespearean elements),,,,,1,1,,female,,banditti,,,,,,1,1,1,,,,,,1,1,,extra,,,,,,,1,,,,1,1,1,,,emotional,,,,,,1,,1,,,,,,,1,,,,,,2,1,1,both,,,,,,,,,,,,,,,,1,,,,,,1,1,1,,1,,1,,,,,,,,,,,,,,1,,,1,,,,,,,,1,,,,,,,,,,,,,,,,,,,,1,,,,,,,,,,,,
"Ross, Mrs.",f,"THE BALANCE OF COMFORT, OR, THE OLD MAID AND MARRIED WOMAN. A NOVEL",1816,156,,(not indexed),,,,,,,,,,,,,,,,,,,,,,,,,,,,,,,,,,,,,,,,,,,,,,,,,,,,,,,,,,,,,,,,,,,,,,,,,,,,,,,,,,,,,,,,,,,,,,,,,,,,,,,,,,,,,,,,,,,,,,,,,,,,,,,,,,,,,,,,,,,,,,,,,,,,,,,,
"Ross, Mrs.",f,"THE MARCHIONESS!!! OR, ""THE MATURED ENCHANTRESS""",1813,157,375,Fake Gothic (a sentimental and social novel under a Gothic title),,,,,,,,,,,,,,,,,,,,,,,,,,,,,,,,,,,,,,,1,1,,,emotional,,,,,,,,,1,,1,,gaming,,,,,,,,,,,,,,,,,,,,,,,,,,,,,,,,,,,,,,,,,,,,,,,,,,,,,,,,,,,,,,,,,,,,,,,,,,,,,,,,,,,,,,,,,,,,,,,,
"Sarrett, H.J.",unknown,"KOENIGSMARK, THE ROBBER, OR, THE TERROR OF BOHEMIA",1801,158,,(not indexed),,,,,,,,,,banditti,,,,,,1,,,,,,,,,,,,,,,,,,,,,,,,,,,,,,,,,,,,,,,,,,,,,,,,,,,,,,,,,1,,,,,,,,,,,,,,,,1,1,,,,,,,,,,,,,,,,,,,,,,,,,,,,,,,,1,,,,,,,1,1,,,,1,,,,,,1,,,,1,,,,,,,,
"Shelley, Mary",f,FALKNER. A NOVEL,1837,159,,(not indexed),,,,,1,1,,female,,,1,,,,,,,,,,,,,1,,1,legal,,,,,,,,,,,,,,,,,,,,,,,,,,,,,,,,,,,,,,,,,,,,,,,1,,,,,,,,,,,,,,,,,,,,,,,,,,,,,,,,,,1,,,,,,,,,,,,,,,,,,,,,,,,,,1,1,,1,,attempt,,,,,,,,,,,,,
"Shelley, Mary",f,THE FORTUNES OF PERKIN WARBECK. A ROMANCE,1830,160,402,Gothified history,,,,,1,,1,male,,,,,,,,,,,,,,,,2,1,1,both,,,,,,,,,,,,,,,,,,,,,,,,,,,,,,,1,,,,,,,,,,,,1,,,,,,,,1,,,,,,,1,1,,m,,,,,,,,,,,,,,,,,,,,,,,,,,,,,,,,1,,,,,,,,,,,,,,1,,,,,,,1,,,,,,,,,,,
"Shelley, Mary",f,"FRANKENSTEIN, OR, THE MODERN PROMETHEUS",1818,161,399,Philosophical Gothic (sometimes categorized as primitive science fiction),,,,,,,,,,,,,,,,,,,1,,,,,,,,,,,,,,,,,,,,2,1,1,,emotional and pre-nuptual,,,,,,,1,,,,,,,,,,,,,1,,,,,1,,1,1,,,,,,,,,,,,,,,,,,,,1,,,,,,,,,,,,,,,,,1,,,,,,,1,,,,,,,,,,,,,,,,,,,1,,,,,,,,,,,,,,,,,,
"Shelley, Mary",f,THE LAST MAN,1826,162,401,Apocalyptic Gothic (futuristic science fiction),,,,,1,1,,female,adultery,,,,,,,,,,1,,,,,2,1,1,both,,,,,,1,1,,,,1,1,1,,,emotional,,,,,,,,1,1,,1,,gaming,,1,,,,,,1,1,,female,,,1,1,1,,,,,,1,,,,,,,1,1,,m,1,,,,,,,,,,,,,,,,,,,1,,1,,,,1,,,,,,,1,,,,,,,1,,,,,1,1,1,1,,,suicide,,,,,,,,,,,,,
"Shelley, Mary",f,LODORE,1835,163,403,Domestic fiction (recessive Gothic traits),,,,,,,,,,,1,,,,,,,,,,,,,1,,1,legal,,,,,,,,,,,,,,,,,,,,,,,,,,,,,,,,1,1,,successful,,,,,,,,,,,,,,,,,,,,,,,,,,,,,,,,,,,,,,,,,,,,,,,,,,,,,,,,,,,,,,,,,,,,,,,,,,,,,,,,,,,,,,,,,,
"Shelley, Mary",f,MATHILDA,1819,164,,(not indexed),,,,,,,,,,,,,,,,,,,,,,,,,,,,,,,,,,,,,,,,,,,,,,,,,,1,,,,,,,,,,,,,,,,,,,,,,,,,1,,,1,,,,,,,,,,,,,,,,,,,,,,,,,,,,,,,,,,,,,,,,,,,,,,,,,,,,,,,,,2,1,,1,suicide and fake,,,,,,,,,,,,,
"Shelley, Mary",f,"VALPERGA, OR, THE LIFE AND ADVENTURES OF CASTRUCCIO, PRINCE OF LUCCA",1823,165,400,Gothified history (uses the castle tyrant as its main character),,,,,,,,,,,1,,,,,,,1,,,,,,1,,1,legal,,,,,,,1,,,,1,1,1,,,emotional,,,,,,,1,,,,,,,,1,,,,,,1,1,,female,1,,,,,,,,1,,1,1,,1,almost,1,,1,1,,m,1,,,,,,,,,,,,,,,,,,,1,,1,,,,,,,,,,,,,,,,,,1,,,,,,1,,,,,,1,,,,,,,,,,,,
"Shelley, Percy",m,"ST. IRVYNE, OR, THE ROSICRURIAN. A ROMANCE",1811,166,405,Pure or high Gothic (Schauerromantik features and characters),,,,,1,1,,female,,banditti,,,,,,,,,,,,,,,,,,,,,,,,,,,,,,,,,,,,,,,,,,1,,1,,gaming,,,,,,,,2,1,1,both,,,,,,,,,1,1,,,,,,,,,,,,,,,,,,,,,,,,,,,,,,,,,,,1,,,1,,,,,,,1,,1,1,,f,,,,,,,1,2,1,1,,suicide and attempt,,,1,1,,,,,,,,,
"Shelley, Percy",m,ZASTROZZI. A ROMANCE,1810,167,404,Pure or high Gothic (Schauerromantik features and characters),,,,,,,,,,,,,,,,,,1,,,,,,1,1,,extra,,,,,,1,,,,,,,,,,,,,,,,,,,,,,,,,1,,,,,1,,,,,,,,,,,,,,1,,,,,,1,,,,,,,,,,1,,,,,,1,,,,,,,,,,,,,1,,,,,,,,,,,,1,1,,f,,,,,,,1,2,1,1,,suicide and attempt,1,,1,,,,,,,,,,
"Sickelmore, Richard",m,MARY JANE. A NOVEL,1800,168,408,Pure or high Gothic (elements of THE MONK's loathsome descriptions),,,,,1,1,,female,,,,,,,,,,,,,,,,1,,1,legal,,,,,,1,,,,,,,,,,,,,,,,1,,,2,1,1,,drunkenness and gaming,1,,,,,,,2,1,1,both,,,1,1,,,,,,,1,,,,,,,,,,,,,1,,,,,,,,,,,,,,,,,1,,,,,,,1,1,,1,attempted rape,1,1,,,1,1,,f,1,1,,1,,,,1,1,,,suicide,,,,,,,1,,1,,,,clandestine
"Siddons, Henry",m,THE SON IN THE STORM. A TALE,1809,169,413,Domestic Gothic (apparitional visitations),,,,,,,,,,,,,,,,,,,,,,,,,,,,,,,,,,,,,,,,,,,,,,,,,,,,1,,1,,gaming,,,,,,,,1,,1,male,,,2,1,,,,,,,,,,,,,,,,,,1,,,,,,,,,,,,,,,,,,,1,,,,,,,,,,,,,,,,,,,,,,,,,,,,,,,,,,,,,,1,,1,,,,clandestine
"Sleath, Eleanor",f,"THE NOCTURNAL MINSTREL, OR, THE SPIRIT OF THE WOOD",1810,170,417,"Pure or high Gothic (horrific medievalism, situations from Walpole and Reeve)",,,,,,,,,,,,,,,,,,,1,,,,,2,1,1,both,,,,,,,,,,,,,,,,,,,,,,1,,1,1,1,,,drunkenness,,,,,,,,1,1,,female,,,,,,,,,,,,,,,,,,,,,,,,,1,,,,,,,,,,,,,1,,,,1,1,,,,,,,,,,,,,1,,,,,1,1,,1,,,,,,,,,,,,1,1,,,,,,,,
"Sleath, Eleanor",f,THE ORPHAN OF THE RHINE. A ROMANCE,1798,171,415,"Pure or high Gothic (terror elements, Germanic elements and sublime topographies)",1,,1,good,1,1,,female,adultery,,,,,,,,,,,,,,,1,1,,extra,1,1,,,haven,,,,,,,,,,,,,,,,,,,,1,,1,,gaming,,,1,1,,successful,,,,,,,,,,,,,1,,1,1,1,,1,almost,1,,,,,,,,1,,,,,,,,,,,,,,,,,,,,,,,,,,,,,1,,,,,,,,,,,,,,,,,,,,,,,,,,1,,,1,,,counterfeit
"Sleath, Eleanor",f,PYRENEAN BANDITTI. A ROMANCE,1811,172,418,Pure or high Gothic (Radcliffean imitation),,,,,2,1,1,both,,banditti,,,,,,,1,,,,,,,2,1,1,both,,,,,,,,,,,,,,,,,,,,,,1,,,1,,1,,gaming,,,,,,,,1,1,,female,,,,,,,,,,,,,,,,,,1,,1,f,1,,1,,,,,,,,,,,,,,,,,1,1,,,1,,,,,,,,,1,,,,,,,,,,,,,1,,,,,,,,,,1,,,,,,,,
"Sleath, Eleanor",f,"WHO'S THE MURDERER? OR, THE MYSTERY OF THE FOREST",1802,173,416,Pure or high Gothic (terror elements),,,,,,,,,,,,,,,,1,,,,,,,,,,,,1,,,1,,1,,,,,,,,,,,,,,,,,,,1,,1,,gaming,,,,,,,,1,1,,female,,,1,,,,,,,,,,,,,1,,,,,,,,1,,,,,,,,,,,,,,,,,,,,,,,,,,,,,1,,,,,,,,,,,,,,1,,,,,,1,,,,,,,,,,,,
"Smith, Catharine",f,"BAROZZI, OR, THE VENETIAN SORCERESS. A ROMANCE OF THE SIXTEENTH CENTURY",1815,174,420,Pure or high Gothic (terror-horror modes),,,,,,,,,,banditti,1,,,,,,1,,1,,,,,1,1,,extra,,,,,,,,,,,,2,1,,1,emotional and sad,,,,,,1,,1,1,,1,,gaming,,,1,,1,bungled,1,2,1,1,both,,,1,1,,,,,1,,1,,,,,1,2,1,1,,m,1,1,,,1,,1,,,,,,,,,,,,,,,1,1,,,,,,,,,1,,,,1,1,,f,,,,,,,1,1,1,,,suicide,1,1,,,1,,1,,1,,,,clandestine
"Smith, Charlotte",f,MARCHMONT. A NOVEL,1796,175,425,Sentimentalized Gothic (various Radcliffean devices and effects),,,,,,,,,,,1,,,,,,,,1,,,,,,,,,,,,,,,,,,,,1,1,,,emotional,,,,,,,,,1,1,,,drunkenness,,,,,,,,1,1,,female,,,,,,,,,,,1,,,,,,,1,1,,m,1,1,,,,,,,,,,,,,,,,,,,,,,,,,,,,,,,1,,,,,,,1,,,,,,1,,,,,,,,,,,,,,,,,,
"Smith, Charlotte",f,THE WANDERINGS OF WARWICK. A NOVEL,1794,176,,(not indexed),,,,,,,,,,,,,,,,,,,,,,,,,,,,1,,1,,prison,,,,,,,,,,,,,,,,,,,,1,,1,,gaming,1,,,,,,,,,,,,,,,1,,,,,,,,,,,,,,,,,,,,,,,,,,,,,,,,,,,,,,,1,,,,,,,,,,,,,,,,,1,,,,,,,,,,,,,,,,,,,,,,,,
"Smollett, Tobias",m,THE ADVENTURES OF FERDINAND COUNT FATHOM,1753,177,427,Picaresque fiction (several heavily pre-Gothic episodes),,,,,,,,,adultery,banditti,,,,,,,,,,,,,,1,,1,legal,,,,,,3,,,,,,,,,,,,,,,,,,,2,1,1,,drunkenness and gaming,1,1,1,,1,prevented,,2,1,1,both,,,,,,1,,,,1,1,,,,,,1,1,,1,f,1,1,,1,1,1,,,,,,,,1,,,,,,1,,,,,,,,1,,1,attempted rape,,1,,,1,1,,f,,,,,,,1,1,1,,,suicide,,,1,,,,,,,,,,
"Stanhope, Louisa Sidney",f,THE CONFESSIONAL OF VALOMBRE. A ROMANCE,1812,178,437,"Pure or high Gothic (imitation of THE ITALIAN, elements of the monastic shocker)",,,,,1,1,,female,,banditti,,,,,,,,1,,,,,,1,1,,extra,,,,,,,,,,,,,,,,,,,,,,,,,,,,,,,1,,,,,,1,1,,female,2,1,,,,1,,,,,,,,,,,,,,,,,,1,,1,,,,,,,,,,,1,,,,,,,,,,,,,,,,1,,,,,,,,,,,,,,,1,1,,,suicide,,1,,,1,,1,,,,,1,interrupted
"Stanhope, Louisa Sidney",f,THE CORSAIR'S BRIDE. A LEGEND OF THE SIXTEENTH CENTURY,1830,179,442,Orientalized Gothic (Gothic passions but minimal terror and horror),,,,,1,1,,female,,,,,,,,,,,,1,1,,evil,,,,,,,,,,,,,,,,,,,,,,,,,,,,,,,,,,,,,,,,1,,,,,,,,,,,,1,,,,,,,,,,,,,,,,,,,,,,,,,,,,,,,,,,,,1,,,,,,,,,1,,,,,,,,1,,,,,,,,,,,,,,,,,,1,,,,1,,forced
"Stanhope, Louisa Sidney",f,"DI MONTRANZO, OR, THE NOVICE OF CORPUS DOMINI. A ROMANCE",1810,180,436,Pure or high Gothic (monastic shocker elements),,,,,,,,,,banditti,,,,,,,,,1,2,1,1,both,1,1,,extra,,,,,,,1,,,,1,1,,,1,sad,,,,,,,1,,1,1,,,drunkenness,,1,,,,,,1,,1,male,,,,,,,,,,,1,,,,,1,,1,1,,m,1,,1,,1,,1,,,,,,,,,2,,,,,,,,1,,,,,,,,,,,1,,,,,,,,,,,1,1,1,,,suicide,1,1,1,,,,1,,1,,,,clandestine
"Stanhope, Louisa Sidney",f,MADELINA. A TALE FOUNDED ON FACTS,1814,181,438,"Sentimental Gothic (numerous spectral components, especially in the subplots)",,,,,,,,,,,,,,,,,,,,,,,,,,,,,,,,,,,,,,,1,,1,,pre-nuptual,,,,,,,,,,,,,,,,,,,,,,,,,,,,,,,,,,,,,,,,,,,,,,1,,,,,,,,,,,,,,,,,,,1,,,,,,,,,,,,,,,,1,1,,f,,,,,,,,,,,,,,,,,1,,1,,,,1,,forced
"Stanhope, Louisa Sidney",f,"MONTBRASIL ABBEY, OR, MATERNAL TRAITS. A TALE",1806,182,435,"Sentimental Gothic (epistolary format, Radcliffean elements)",,,,,,,,,adultery,,1,,,,,,,,1,,,,,,,,,,,,,,,,,,,,1,1,,,emotional,,,,,,,,,1,,1,,gaming,1,,1,1,,successful,,2,1,1,both,,,,,,,,,,,1,,,,,,,,,,,,1,,,,,,,,,,,,,,,,,,,,,,,,,,,,,,,,,,1,1,,f,,,,,,,1,,,,,,,,,,,,,,,,,,
"Stanhope, Louisa Sidney",f,THE NUN OF SANTA MARIA DI TINDARO. A TALE,1818,183,440,Sentimental Gothic (no supernatural elements),,,,,,,,,,,,,,,,,,,,,,,,2,1,1,both,1,1,,,haven,,1,,,,1,1,1,,,emotional,,,,,,,1,,,,,,,,,1,,1,bungled,,1,1,,female,,,,,,,,,,,1,,,,,,,,,,,,,1,,,,,,,,,,,,,,,,,1,,,,,,,,,,,,1,,,,,,,,,,,,,,,,,,,,,,,,,,2,,1,1,,,clandestine and counterfeit
"Stanhope, Louisa Sidney",f,THE SIEGE OF KENILWORTH. AN HISTORICAL ROMANCE,1824,184,441,Gothified history (intermittent terror elements),,,,,1,,1,male,,,,,,,,,,,1,,,,,,,,,1,,,1,,,,,,,,1,,1,,pre-nuptual,,,,,,,,,,,,,,,,,,,,,,,,,1,1,,,,,,,,,,,,,,,,,,,,,,,,,,,,,,,,,,,,1,1,,,,,,,,,,,,,,,,,,,,,,,,,,,,,,,,,,,,,1,1,1,,,,,,,
"Stanhope, Louisa Sidney",f,"TREACHERY, OR, THE GRAVE OF ANTOINETTE",1815,185,439,Pure or high Gothic (natural terror),,,,,,,,,,,,1,1,,birthmark,,1,,,1,1,,evil,1,1,,extra,1,1,,,haven,,,,,,,,,,,,,,,,,,,,,,,,,,,1,1,,successful,,,,,,1,,,,,,,1,,,,,,,,,,1,1,,m,,,,1,1,,,,,,,,1,,,,,,,,,,,,,,,,,,,,,,,1,1,,f,,,,,,,,,,,,,,,,,1,,1,,,,1,,forced
"Sykes, Mrs. S",f,"MARGIANA, OR, WIDDRINGTON TOWER. A TALE OF THE FIFTEENTH CENTURY",1808,186,447,Gothified history (terror mode),,,,,,,,,,,,,,,,,1,,,,,,,1,1,,extra,,,,,,,1,,,,1,1,1,,,emotional,,,,,,1,,1,,,,,,,,,,,,,,,,,,,,,,,,,,,,1,,1,almost,,,,,,,,1,,,1,,1,,,,,,,,,,,,,,,,,,,,,,,,,1,,,,,,,,,,,,,1,,1,1,,,suicide,1,1,,,,,1,,1,,,,clandestine
"Utterson, Sarah Elizabeth",f,TALES OF THE DEAD,1813,187,,(not indexed),,,,,1,,1,male,,,,1,1,,birthmark,1,,1,1,,,,,1,,1,legal,,,,,,1,,,,,,,,,,,,,,,,,,,1,,1,,gaming,1,,,,,,,2,1,1,both,,,,,1,3,,,,,1,,,,,,,,,,,1,1,,,1,,,,,,1,,,,,,,,,,,,,1,5,,,,,,,,,,,,,,,,2,,2,,,1,,,,,,,,,,1,1,1,,,,,1,interrupted
unsigned,unknown,THE THREE GHOSTS OF THE FOREST. A TALE OF HORROR. AN ORIGINAL ROMANCE,1803,188,452,(not indexed),,,,,1,1,,female,,,,,,,,,,,,,,,,1,1,,extra,,,,,,,,,,,,,,,,,,,,,,,,,1,,1,,gaming,,,,,,,,1,1,,female,,,,,,2,,,,,1,,,,,,,1,1,,m,,,,,1,,,,1,,,,,,,,,,,,,,,,,1,,,,,,,,,,,,,,,,,,,,1,,,,,,,,,1,,,,,,,,,
"Tomlins, Elizabeth Sophia",f,ROSALIND DE TRACY,1798,189,454,Pure or high Gothic (terror mode),,,,,,,,,,,,,,,,,,,,,,,,,,,,,,,,,,,,,,,1,1,,,emotional,,,,,,,,,1,1,,,drunkenness,,,,,,,,1,1,,female,,,,,,,,,,,,1,,1,almost,,,,,,,1,,1,,,,,,,,,,,,,,,,,1,1,,,,,,,,,,,,,,,1,1,,f,,,,,,,1,,,,,,,,,,,,,,,,,,
"Walker, George",m,DON RAPHAEL. A ROMANCE,1803,190,465,"Pure or high Gothic (strains of horror, terror, and Schauerromantik effects)",,,,,2,1,1,both,adultery,,,,,,,,,,,,,,,1,1,,extra,,,,,,,,,,,,,,,,,,,,,,1,1,1,1,,1,,gaming,1,,,,,,,1,1,,female,1,1,1,,,,,,,,,1,,1,almost,,,,,,,,,,,,,,,,,,,,,,1,,,,,,,,1,,,,,,,,,,,,,,,,,,,,,,1,1,1,,,suicide,,,,,,,,,,,,,
"Walker, George",m,THE HAUNTED CASTLE. A NORMAN ROMANCE,1794,191,461,Pure or high Gothic (imitation of THE CASTLE OF OTRANTO),,,,,,,,,,,,,,,,,,,,,,,,1,1,,extra,,,,,,2,,,,,,1,1,,,emotional,,,,,,1,,,1,1,,,drunkenness,1,1,,,,,,1,1,,female,,,,,,1,,1,,,1,1,,1,almost,,,,,,,1,,1,,1,,1,,,,,,,,,2,,,,1,1,,,,1,,,1,1,,rape,1,,,,,,,,,1,1,,,,1,,,,,,,,,,,,,,,,,,
"Walker, George",m,"THEODORE CYPHON, OR, THE BENEVOLENT JEW",1796,192,463,Polemical fiction (numerous Gothic elements),,,,,1,1,,female,adultery,,,,,,,,,,,,,,,2,1,1,both,,,,,,,,,,,,,,,,,,,,,,,,1,,,,,,,,,,,,1,,,,,,,,,,,,,,,,1,,1,almost,,,1,,1,f,,,1,,,,,,,,,,,,,,,,,,,,,,,,,1,1,,rape,,,,,,,,,,,,,,,1,1,1,,,suicide,,,,,,,,,,,,,
"Walpole, Horace",m,THE CASTLE OF OTRANTO,1764,193,466,Pure or high Gothic (first of the first Gothics and technical prototype),,,,,,,,,,,,1,1,,birthmark,,,1,,,,,,,,,,,,,,,1,,,,,,3,1,1,1,all,1,,,1,speech,1,1,,,,,,,1,,,,,,,1,1,,female,,,,,,1,,1,,,,1,,1,almost,,,,,,,,,,,1,1,,,,,,,,,,1,,,,,1,1,1,1,2,,,,,,,1,,,,,,,,,1,1,,,,1,,,,,,,1,,,,,1,,1,,,,clandestine
"Warner, Richard",m,NETLEY ABBEY. A GOTHIC STORY,1795,194,468,Pure or high Gothic (influence of THE CASTLE OF OTRANTO and Leland's LONGSWORD),,,,,2,1,1,both,,,,,,,,,,,,,,,,1,1,,extra,,,,,,,1,,,,1,,,,,,,,,,,,1,,1,1,,,drunkenness,,,,,,,,,,,,,,,,,2,,,,,,,,,,,,,,,,,,,,,,,,,,,,,,,1,,,,,,,,1,,,,,,,,,,,,,,,,,,,,,1,,,,,,,,1,,,,,,,,,,,
"West, Jane",f,"THE ADVANTAGES OF EDUCATION, OR, THE HISTORY OF MARIA WILLIAMS. A TALE FOR MISSES AND THEIR MAMMAS",1793,195,,(not indexed),,,,,,,,,,,,,,,,,,,,,,,,,,,,,,,,,1,,,,,,,,,,,1,1,,,agonies,,,,,,,,,,,,,,,,1,1,,female,,,,,,,,,,,,,,,,,,,,,,,,,,,,,,,,,,,,,,,,,,,,,,,,,,,,,,,,,,,,,,,,,,,,1,1,,,suicide,,,,,,,,,,,,,
"West, Jane",f,THE REFUSAL. A NOVEL,1810,196,,(not indexed),,,,,,,,,,,,,,,,,,,,,,,,,,,,,,,,,,,,,,,,,,,,,,,,,,,,,,,,,1,,,,,,,,,,,,,,,,,,,,,,,,,,,,,,,,,,1,,,,,,,,,,,,,,,,,,,,,,,,,,,,,,,,,,,,,,,,,,,,,,,,,,,,1,,,,,,,,,
"West, Jane",f,"RINGROVE, OR, OLD FASHIONED NOTIONS",1827,197,470,Domestic fiction (recessant Gothic traits),,,,,,,,,,,,,,,,,,,1,,,,,,,,,,,,,,,,,,,,,,,,,,,,,,,,,,,,,,,,,,,,,,,,,,,,,,,,,,,,,,,,,,,,,,,,,,,,,,,,,,,,,,,,,,,,,,,,,,,,,,,,,,,,,,,,,,,,,,,,,,,,,,,,,,,,,
"Wilkinson, Sarah",f,"THE KNIGHTS OF CALATRAVA, OR, DAYS OF CHIVALRY",1804,198,475,Gothic chapbook (compressed Gothified history),,,,,,,,,,,,,,,,,1,,,,,,,,,,,,,,,,,,,,,,,,,,,,,,,,,,,,,,,,,,,,,,,,,,,,,,,,,,,,,,,,,,,,,,,,,,,,,,,,,,,,,,,,,,,,,,,,,,,,,,,,,,,,,,,,,,,,,,,,,,,,,,,,,1,,,1,,,counterfeit
"Wilkinson, Sarah",f,"THE SPECTRE OF LANMERE ABBEY, OR, THE MYSTERY OF THE BLUE AND SILVER BAG",1820,199,486,Pure or high Gothic (terror mode),,,,,1,1,,female,adultery,,,,,,,,,,1,,,,,1,1,,extra,,,,,,,,,,,,2,1,1,,emotional and pre-nuptual,1,,,1,speech,1,,,1,,1,,gaming,,,1,1,,successful,,1,1,,female,2,,,,,1,,,,,1,,,,,,,,,,,1,,1,,,,,,,,,,,,,,,,,,,,,,,,,,,,,1,,,,,,,,,,,,,,,2,1,1,,suicide and attempt,,,,,,,2,1,1,,,,aborted and clandestine
"Wilkinson, Sarah",f,"THE SPECTRES, OR, LORD OSWALD AND LADY ROSA &C",n.d.,200,487,Gothic chapbook (Shauerromantik elements),,,,,1,1,,female,,,,,,,,,1,,,,,,,1,1,,extra,1,,,1,,,,,,,,,,,,,,,,,,1,,,,,,,,,1,,,,,,,,,,,,,,,1,,,,,,1,,1,almost,,,,,,,,,,,1,,1,,,,,,,,,,,,,,,,,1,,,,1,,1,attempted rape,1,,,,,,,,,,,,,,1,,,,,,,1,,,,,,,,,,,
"Wilkinson, Sarah",f,"THE WATER SPECTRE, OR, AN BRTACH",1805,201,479,Gothic bluebook,,,,,1,,1,male,,,,1,1,,birthmark,,,1,1,,,,,,,,,,,,,,,,,,,,,,,,,,,,,,,,,1,1,,,drunkenness,,1,,,,,,1,,1,male,,,,,,1,,,,,,,,,,,,,,,,,,1,,,,,,,,,,,,,,,,,1,1,1,,,,,,,,,,,,,,,,,,,,,,,,1,,,,,,,1,,,,,,,,,,,
"Wilkinson, Sarah",f,"ZITTAW THE CRUEL, OR, THE WOODMAN'S DAUGHTER. A POLISH ROMANCE",n.d.,202,489,Gothic chapbook,,,,,1,1,,female,,,,,,,,,,,,,,,,1,1,,extra,,,,,,,,,,,,,,,,,,,,,,,,1,1,1,,,drunkenness,,,,,,,,,,,,,,,,,1,,,,,,,,,,,,,,,,,,,,,,,,,,,,,,,,,,,,,,,,,,,1,1,,rape,,,,,,,,,,,,,,,,,,,,,,,,,,,,,,,,,
"Williams, Helen Maria",f,"JULIA. A NOVEL, INTERSPERSED WITH SOME POETICAL PIECES",1790,203,,(not indexed),,,,,,,,,,,,,,,,1,,,,,,,,,,,,,,,,,,,,,,,2,,1,1,pre-nuptual and sad,1,1,,,agonies,,1,,,,,,,,,,,,,,1,,1,male,,,,,,,,,,,,,,,,,,,,,,,,,,,,,,,,,,,,,,,,,,,,,,,,,,,,,,,,,,,,,,,,,,,,,,,,,,,,,,,,,,,,,
"Williams, William Frederick",m,FITZMAURICE,1800,204,,(not indexed),,,,,,,,,,banditti,,,,,,,1,,,1,1,,evil,2,1,1,both,,,,,,1,,,,,,2,,1,1,pre-nuptual and sad,1,1,,,agonies,,,,1,1,,,drunkenness,,,1,1,,successful,,2,1,1,both,,,,,,,,,,,1,,,,,,1,1,,1,f,1,,1,,,,,,,,,,,,,,,,,,,,,,,,,,,,,1,,,,1,1,,f,,,,,,,,2,1,,1,suicide and fake,,,,,,,,,,,,,
"Williams, William Frederick",m,THE WORLD WE LIVE IN. A NOVEL,1804,205,491,Domestic fiction (digressive Gothic tendencies),,,,,,,,,,,,,,,,,1,,,1,,1,good,,,,,,,,,,1,,,,,,,,,,,,,,,,,,,,,,,,1,,,,,,,,,,,,,,,,,,,,1,,,,,,,,,,,,1,1,,,,,,,,,,,,,,,,,,,,,,,,,,,,,,,,1,,,,,,,1,1,,,,1,1,1,,,suicide,,,,,,,,,,,,,
"Yorke, Mrs. R. M. P.",f,"THE HAUNTED PALACE, OR, THE HORRORS OF VENTOLIENE. A ROMANCE.",1801,206,495,Pure or high Gothic (horror mode),,,,,,,,,adultery,,,,,,,1,,,,,,,,,,,,,,,,,1,,,,,,,,,,,1,1,,,agonies,,,,1,,1,,gaming,,,,,,,,,,,,1,,1,,,3,,1,1,,1,,,,,,1,1,,1,f,,1,1,1,2,,,,,,1,,1,,,,,,,,,1,1,2,,,,,,,,,,,1,,,,,,1,1,,,,1,1,1,,,suicide,1,,,1,,,,,,,,,
"Yorke, Mrs. R. M. P.",f,"THE ROMANCE OF SMYRNA, OR, THE PREDICTIONS FULFILLED!!!",1801,207,496,Pure or high Gothic (horror mode),,,,,1,,1,male,,,1,,,,,,,,,,,,,1,,1,legal,2,1,,,haven,,,,,,,3,1,1,1,all,,,,,,,,1,1,1,,,drunkenness,1,,,,,,,2,1,1,both,1,,1,1,,1,,,,,1,1,,1,almost,1,,1,1,,m,1,1,1,,1,,1,,,,,,,,,,1,,,1,1,,,,,,1,1,1,,rape,1,,,1,2,1,1,both,1,,,,,,1,1,1,,,suicide,,,,,1,1,,,,,,,
"Young, Mary Julia",f,"THE LAST INDIAN, OR, CLIFFORD PRIORY",1799,208,498,Pure or high Gothic (Radcliffean elements),,,,,,,,,,,,,,,,,,,,,,,,1,,1,legal,,,,,,1,,,,,,,,,,,,,,,,,,,,,,,,,,,,,,,,,,,,,,,,,,,,,,,,,,,,,,,,,,1,,,,,,,,,,,,,,,,,,,,,,1,,,,,,,1,,,,,,,,,1,1,,,,,,,,,,,,,,,,,,,,,,